feature	estimate	pvalue	param	type	type2
36365	-2.9833467112734344	1.4413000207605275e-7	mu.ptidV030	mu	covariate
13246	-2.967483681452091	1.4939704879127058e-7	mu.ptidV019	mu	covariate
36365	-2.895478316978555	1.6223146707418541e-7	mu.ptidV012	mu	covariate
18173	3.781668132982697	2.4152137724349045e-7	mu.ptidV002	mu	covariate
36365	-3.1901971352423293	2.635133607832124e-7	mu.ptidV021	mu	covariate
36365	-3.072323549690756	4.959079024059287e-7	mu.ptidV019	mu	covariate
36643	1.6892008528370006	5.261711138316098e-7	mu.ptidV019	mu	covariate
13246	-4.990894516881081	1.0693281310146958e-6	mu.ptidV012	mu	covariate
13527	3.2428003004239287	1.2005914123704507e-6	mu.ptidV002	mu	covariate
13246	-5.475517508803691	1.8918744925433105e-6	mu.ptidV021	mu	covariate
36642	1.5441000290621365	2.1105337234571153e-6	mu.ptidV019	mu	covariate
1547	-2.2320753626934984	2.175077115967616e-6	mu.ptidV030	mu	covariate
1547	-2.305121607475955	2.5712837835591175e-6	mu.ptidV012	mu	covariate
36365	-1.3311637981978206	2.801545945883403e-6	mu.ptidV005	mu	covariate
1944	1.481301881922935	2.8573743852954473e-6	mu.ptidV021	mu	covariate
36365	-2.95982337265973	2.9540071473416493e-6	mu.ptidV002	mu	covariate
20998	-2.9632793319344586	3.1173041080226084e-6	mu.ptidV021	mu	covariate
7404	-2.3425089336067324	5.013788061838884e-6	mu.ptidV030	mu	covariate
13246	-0.8381073351766007	5.575355277820797e-6	mu.TimepointPre	mu	covariate
1547	-1.4091766417464004	5.674765484987266e-6	mu.ptidV021	mu	covariate
7404	-2.2313547666566094	6.331159659381744e-6	mu.ptidV029	mu	covariate
12512	3.981487116070049	6.940507636495572e-6	mu.ptidV021	mu	covariate
12839	4.480947635065514	7.628885958223304e-6	mu.ptidV012	mu	covariate
1547	-2.8963536163072257	7.810029357020681e-6	mu.ptidV019	mu	covariate
36365	-4.077666455306174	8.033949315386323e-6	mu.ptidV008	mu	covariate
7404	-2.534957020040332	8.877442812940732e-6	mu.ptidV019	mu	covariate
7404	-1.5591523959778526	9.748318822316752e-6	mu.ptidV012	mu	covariate
13246	-3.7091886084443013	1.0113003945116214e-5	mu.ptidV002	mu	covariate
7404	-3.0492986171024534	1.074460549700039e-5	mu.ptidV023	mu	covariate
6897	-2.6898111652437247	1.1952849473511644e-5	mu.ptidV021	mu	covariate
1547	-3.0228610841096977	1.5017019413756397e-5	mu.ptidV008	mu	covariate
355	-3.5107013545767893	1.6976408997944082e-5	mu.ptidV019	mu	covariate
36365	-0.6389977594237186	1.8859391242012024e-5	mu.ptidV029	mu	covariate
6897	-3.375282704069072	2.0361125503661873e-5	mu.ptidV030	mu	covariate
7404	-2.306388784153155	2.558494658553861e-5	mu.ptidV005	mu	covariate
17915	1.5410856368965562	2.7456075630211162e-5	mu.ptidV030	mu	covariate
12512	3.321497918204353	2.7489395712021406e-5	mu.ptidV012	mu	covariate
357	-2.6781764250794753	2.7938171557676515e-5	mu.ptidV021	mu	covariate
12512	3.3492053316778394	3.2073649658153726e-5	mu.ptidV002	mu	covariate
1547	-2.587967330217997	3.3638050233163304e-5	mu.ptidV002	mu	covariate
7404	-1.0892330755966315	3.5284708529982606e-5	mu.ptidV021	mu	covariate
13246	-4.7688432187291925	3.574693289323868e-5	mu.ptidV005	mu	covariate
357	-3.2983982586081466	4.170835641556363e-5	mu.ptidV030	mu	covariate
7404	-1.5142340188984122	4.18051025871418e-5	mu.ptidV002	mu	covariate
6897	-2.592455461299122	4.507437923193548e-5	mu.ptidV002	mu	covariate
355	-3.653423786561592	4.634216492454633e-5	mu.ptidV002	mu	covariate
11430	4.617573536204957	4.989055072813747e-5	mu.ptidV019	mu	covariate
355	-5.021982231237616	5.0265993264953326e-5	mu.ptidV021	mu	covariate
9408	1.9231068888077054	5.325983463858818e-5	mu.ptidV008	mu	covariate
36643	-1.9293882156443387	5.479540052422008e-5	mu.ptidV021	mu	covariate
13246	-5.475960851012567	5.570321054076358e-5	mu.ptidV008	mu	covariate
348	-2.353478922699792	5.8911668108772915e-5	mu.ptidV012	mu	covariate
12842	-0.5272372853562426	5.990814673021949e-5	mu.TimepointPre	mu	covariate
11444	6.94019929291749	7.5111687676827e-5	mu.ptidV002	mu	covariate
357	-2.5881249840040352	7.972218615213214e-5	mu.ptidV002	mu	covariate
348	-3.1101757609141076	8.223568593690579e-5	mu.ptidV029	mu	covariate
45	2.0110887041096306	8.683707969364964e-5	mu.ptidV005	mu	covariate
348	-1.6795586595311676	8.837539169543403e-5	mu.ptidV030	mu	covariate
348	-3.257407132811749	9.098608919133674e-5	mu.ptidV023	mu	covariate
20998	-4.931791677925963	9.382571798754278e-5	mu.ptidV012	mu	covariate
7373	4.93932788130616	1.0313133908149313e-4	mu.ptidV019	mu	covariate
357	-4.060096472016459	1.0427024395019814e-4	mu.ptidV029	mu	covariate
36643	-1.4418173306339102	1.1359801505650028e-4	mu.ptidV030	mu	covariate
355	-0.903056305943909	1.1519764593697604e-4	mu.TimepointPre	mu	covariate
6897	-4.674578252023745	1.1864344936518457e-4	mu.ptidV029	mu	covariate
36643	-2.7125080610170973	1.2086757406329916e-4	mu.ptidV029	mu	covariate
348	-3.8653276616559067	1.425244859315162e-4	mu.ptidV019	mu	covariate
348	-2.9385500623549485	1.6519189273045369e-4	mu.ptidV002	mu	covariate
18030	-0.4460183738184907	1.7802361828707448e-4	mu.TimepointPre	mu	covariate
13513	3.534319253800201	1.8209735947260846e-4	mu.ptidV030	mu	covariate
35911	6.531211905670927	1.8272870982302065e-4	mu.ptidV021	mu	covariate
7645	6.513133977131276	1.8623881095570344e-4	mu.ptidV021	mu	covariate
27362	6.338720282096699	2.098381873230603e-4	mu.ptidV002	mu	covariate
348	-1.2449166250597747	2.261316596836815e-4	mu.ptidV021	mu	covariate
12512	2.593391240071515	2.2731917349077478e-4	mu.ptidV005	mu	covariate
36642	-1.5732072633513323	2.4013337341678468e-4	mu.ptidV030	mu	covariate
2381	-2.61428106993255	2.4144135158500388e-4	mu.TimepointPre	mu	covariate
36642	-2.604646913130434	2.5097511749226875e-4	mu.ptidV029	mu	covariate
357	-3.7612579281804424	2.616084599339379e-4	mu.ptidV019	mu	covariate
2381	2.916998568859958	2.6184519670055734e-4	mu.ptidV012	mu	covariate
25066	4.950372789088793	2.74424342639638e-4	mu.ptidV021	mu	covariate
35911	-0.35586632203635354	2.7783477757733084e-4	mu.TimepointPre	mu	covariate
355	-5.314481704914977	2.8009031191979293e-4	mu.ptidV008	mu	covariate
20998	-4.71300468031109	3.1246487659128066e-4	mu.ptidV023	mu	covariate
30790	-0.3521919702631593	3.146034748804967e-4	mu.TimepointPre	mu	covariate
7645	-0.3568501478563273	3.280565413960068e-4	mu.TimepointPre	mu	covariate
6315	1.8990269366314136	3.280902298321911e-4	mu.ptidV021	mu	covariate
11444	-0.49322919987886843	3.294554041509461e-4	mu.TimepointPre	mu	covariate
7814	-0.5511409974659571	3.354234444206772e-4	mu.TimepointPre	mu	covariate
6315	1.9145490221147814	3.394752082247554e-4	mu.ptidV019	mu	covariate
1944	-1.383076084813425	3.449760098766045e-4	mu.ptidV030	mu	covariate
1944	-2.499735647544434	3.723148974877467e-4	mu.ptidV029	mu	covariate
13398	1.4658021939579173	4.41067999692721e-4	mu.ptidV021	mu	covariate
20998	-4.499703067750545	4.5430098981356015e-4	mu.ptidV002	mu	covariate
7382	2.597264543645099	4.6232801715260553e-4	mu.ptidV012	mu	covariate
29884	4.257754789344731	5.066177506830066e-4	mu.ptidV012	mu	covariate
3649	2.6889266620284493	5.290049396387854e-4	mu.ptidV021	mu	covariate
34711	1.926358325503081	5.40380310137122e-4	mu.ptidV019	mu	covariate
13398	1.4509550049033988	5.432816671093372e-4	mu.ptidV019	mu	covariate
1547	-0.742736412890085	5.445091938026436e-4	mu.ptidV005	mu	covariate
28321	0.8981261557046003	5.471288246064357e-4	mu.ptidV019	mu	covariate
357	-5.631837976163139	5.535829873545127e-4	mu.ptidV012	mu	covariate
20890	-0.49718933129580484	5.7101045222264e-4	mu.TimepointPre	mu	covariate
36365	-0.3428183028498107	5.781344175364257e-4	mu.TimepointPre	mu	covariate
6897	-4.392913024571459	5.998004908917976e-4	mu.ptidV005	mu	covariate
20998	-0.7084940501114437	6.484077834099209e-4	mu.TimepointPre	mu	covariate
9433	1.8226252641451166	6.49109201620492e-4	mu.ptidV021	mu	covariate
348	-4.1533720891657175	6.601012415502778e-4	mu.ptidV008	mu	covariate
34621	1.3078547110482734	6.648756422065949e-4	mu.ptidV019	mu	covariate
12512	-0.40424122733618045	6.920992233869179e-4	mu.TimepointPre	mu	covariate
11051	-2.4306699453429563	7.357572163740739e-4	mu.ptidV030	mu	covariate
16429	-0.4964667530894955	7.741813770514865e-4	mu.TimepointPre	mu	covariate
28321	-2.740849483244701	7.754136775060326e-4	mu.ptidV029	mu	covariate
1944	-3.7569677647683	7.883820894872751e-4	mu.ptidV023	mu	covariate
9433	1.7643539270657171	8.205468064220061e-4	mu.ptidV012	mu	covariate
1130	2.9517193361365255	8.387004703321407e-4	mu.ptidV002	mu	covariate
9464	-2.2742260913450436	8.668787190475813e-4	mu.TimepointPre	mu	covariate
357	-4.22685487525871	8.693631498876922e-4	mu.ptidV005	mu	covariate
12839	-0.4463965288235981	8.966326256935484e-4	mu.TimepointPre	mu	covariate
17915	1.0442599084498283	9.132689766487084e-4	mu.ptidV005	mu	covariate
11051	-2.166966993277934	9.39917886609717e-4	mu.ptidV012	mu	covariate
1547	-0.38214992975293666	9.403762775599948e-4	mu.TimepointPre	mu	covariate
20998	-5.209008575197908	9.522624012037522e-4	mu.ptidV005	mu	covariate
13513	2.7841267643214214	9.591764233987298e-4	mu.ptidV021	mu	covariate
7382	2.3230254803609935	0.0010077338931731347	mu.ptidV021	mu	covariate
18173	-0.42930289999542515	0.0010335846747871469	mu.TimepointPre	mu	covariate
19756	5.00991435513997	0.0010399568992723266	mu.ptidV029	mu	covariate
11051	-2.4174926976526514	0.0010792466346549845	mu.ptidV019	mu	covariate
28321	-1.4154594918924541	0.0010905708613746256	mu.ptidV012	mu	covariate
326	2.5559916978485697	0.0011430286899690417	mu.ptidV005	mu	covariate
35911	4.915536064201266	0.0011923080366156914	mu.ptidV012	mu	covariate
35911	4.899397329260395	0.001214737065612909	mu.ptidV030	mu	covariate
18054	1.760630982863858	0.0012238508162044936	mu.ptidV019	mu	covariate
326	-1.9107029485708544	0.0012255904431624771	mu.TimepointPre	mu	covariate
18366	5.163176696062274	0.001275486912023536	mu.ptidV021	mu	covariate
9464	4.636764373063098	0.0012929418294770555	mu.ptidV005	mu	covariate
24148	2.2473156040190405	0.0013086115223927607	mu.ptidV002	mu	covariate
7645	4.827693826760696	0.0013318521427973	mu.ptidV030	mu	covariate
7645	4.8034912876583435	0.0013771583920817133	mu.ptidV012	mu	covariate
34715	-1.7600128621624287	0.001381954097804888	mu.ptidV012	mu	covariate
21916	5.064326177415496	0.0013945891401168893	mu.ptidV030	mu	covariate
31187	1.675704828613301	0.0017159268480817652	mu.ptidV029	mu	covariate
36643	-3.433026622164385	0.0017445432224243481	mu.ptidV005	mu	covariate
11051	-1.4314488590867702	0.0017519592124857128	mu.ptidV021	mu	covariate
13215	-3.368474825686377	0.0018061423876920657	mu.ptidV023	mu	covariate
1944	-1.932694582508349	0.00188824639669345	mu.ptidV008	mu	covariate
28321	-2.8622379125967936	0.0018937237905098602	mu.ptidV023	mu	covariate
34711	1.588998424042781	0.0020031799265599628	mu.ptidV021	mu	covariate
7404	-0.36952381200720524	0.002027749524953271	mu.TimepointPre	mu	covariate
34621	-0.5659380529711425	0.0020491662429139206	mu.TimepointPre	mu	covariate
1944	-4.484077148314963	0.002133537978275067	mu.ptidV012	mu	covariate
9433	1.5394800792932954	0.002230895123727794	mu.ptidV019	mu	covariate
11051	-4.241169542796835	0.002280448814230648	mu.ptidV023	mu	covariate
13215	-2.981756527363178	0.0022883775533899474	mu.ptidV029	mu	covariate
2725	-3.0262924570326937	0.0023411010593798742	mu.ptidV023	mu	covariate
17359	-2.543015657701985	0.0023461571755415897	mu.ptidV012	mu	covariate
13506	1.7250031781348463	0.002352279822493207	mu.ptidV019	mu	covariate
17915	-0.44502885735777375	0.0023567732191873574	mu.TimepointPre	mu	covariate
5612	2.6033774548980033	0.0024055057538191218	mu.ptidV005	mu	covariate
18957	4.278341660446576	0.0024086208711686236	mu.ptidV021	mu	covariate
34621	1.0667614141068935	0.0024389400863393863	mu.ptidV021	mu	covariate
9408	1.1532118091008199	0.002491683883153428	mu.ptidV019	mu	covariate
12120	4.651781663962156	0.002502164138870876	mu.ptidV002	mu	covariate
6897	-0.47612176195913264	0.0027056556909354143	mu.TimepointPre	mu	covariate
14678	-0.4664718614642216	0.002723302484774914	mu.TimepointPre	mu	covariate
36642	-3.5293601179801923	0.0027929658324172156	mu.ptidV005	mu	covariate
13527	-0.4449473143872836	0.0028433521035149904	mu.TimepointPre	mu	covariate
13196	-4.012651583470235	0.0028923111109608367	mu.ptidV023	mu	covariate
5612	-1.5389415292267197	0.002958370451895083	mu.TimepointPre	mu	covariate
19756	4.221642671013494	0.002958728203309211	mu.ptidV021	mu	covariate
36643	-0.3617319743611886	0.0029941209065554872	mu.TimepointPre	mu	covariate
6703	2.5532256798535586	0.003043595195575251	mu.ptidV002	mu	covariate
9433	-0.5275290992056942	0.0031191829839643426	mu.TimepointPre	mu	covariate
13398	-0.49538876843685387	0.0032115149177811032	mu.TimepointPre	mu	covariate
1130	2.388955238387034	0.00322853369229247	mu.ptidV023	mu	covariate
36643	-4.198402547066501	0.0034576874704288483	mu.ptidV008	mu	covariate
11051	-1.7674982998063067	0.003518782859563375	mu.ptidV005	mu	covariate
17359	-1.92071806426786	0.0035464262463629067	mu.ptidV030	mu	covariate
2534	2.6655682470268505	0.003553664376297784	mu.ptidV012	mu	covariate
17359	-3.9993516979287547	0.0035783013954328413	mu.ptidV023	mu	covariate
34715	-1.9692243018045992	0.003632429325796739	mu.ptidV019	mu	covariate
12839	1.8973802719848587	0.0036560533103770295	mu.ptidV021	mu	covariate
35911	4.096836167891496	0.0037742571905277533	mu.ptidV005	mu	covariate
3368	2.6129427616628558	0.003951478496753931	mu.ptidV012	mu	covariate
357	-0.4900465563952756	0.004264904876494938	mu.TimepointPre	mu	covariate
13196	-1.1191811783072845	0.004430744104216036	mu.ptidV029	mu	covariate
28321	-2.0489856046705492	0.004443666594224082	mu.ptidV005	mu	covariate
13215	-1.9246601111419552	0.004455503391061238	mu.ptidV030	mu	covariate
17915	-1.3594764760316511	0.004536702729881426	mu.ptidV012	mu	covariate
18054	1.432835354322036	0.0046393289539065985	mu.ptidV021	mu	covariate
17354	-2.475343959798924	0.004832449357208162	mu.ptidV029	mu	covariate
9408	-0.45337514471574125	0.004896746386091196	mu.TimepointPre	mu	covariate
35911	3.885509338961325	0.004897964727185626	mu.ptidV029	mu	covariate
6315	-0.5184495442105963	0.00492307422398739	mu.TimepointPre	mu	covariate
17359	-1.6897353733938332	0.005210116665446806	mu.ptidV029	mu	covariate
34715	-3.8956783688751906	0.005245120989306551	mu.ptidV008	mu	covariate
17354	-2.2319104360091413	0.005352781348102551	mu.ptidV021	mu	covariate
7645	3.8236652594249825	0.005361530493363969	mu.ptidV029	mu	covariate
2725	-1.9656463959879333	0.005442179999640113	mu.ptidV019	mu	covariate
13196	-1.5731503859778082	0.0054708198104604765	mu.ptidV005	mu	covariate
9408	1.0010633206677573	0.005485270683358511	mu.ptidV021	mu	covariate
11430	-0.46199400800601026	0.0055722680826377925	mu.TimepointPre	mu	covariate
13398	1.045385039037844	0.005616340235914694	mu.ptidV008	mu	covariate
11051	-1.3683434337777927	0.005620877682590116	mu.ptidV002	mu	covariate
17359	-1.6377149716152235	0.005675875932228874	mu.ptidV008	mu	covariate
13196	-1.3823685058532234	0.005936531879164674	mu.ptidV008	mu	covariate
12120	-1.267024146863226	0.005951875664401428	mu.TimepointPre	mu	covariate
13215	-3.2484467688529706	0.006048828238025783	mu.ptidV008	mu	covariate
17354	-3.962904355260498	0.006073349005926998	mu.ptidV008	mu	covariate
17915	-1.307674946308972	0.006133617836814102	mu.ptidV023	mu	covariate
34715	-1.1303575000698334	0.0061727007064413435	mu.ptidV023	mu	covariate
7382	1.8574035023088105	0.006276821502680542	mu.ptidV005	mu	covariate
7373	-0.4147197276414542	0.006385051784497776	mu.TimepointPre	mu	covariate
27362	-0.4355348850261644	0.006558918459883065	mu.TimepointPre	mu	covariate
9433	1.334435862577624	0.006719902080688217	mu.ptidV002	mu	covariate
12839	1.7360251660310015	0.006895886595836737	mu.ptidV019	mu	covariate
30432	3.755709708813553	0.0069764688211425	mu.ptidV021	mu	covariate
14425	-2.2356492603861433	0.007054000746981167	mu.ptidV023	mu	covariate
1944	-0.33219284701739493	0.007087442158307891	mu.TimepointPre	mu	covariate
13215	-3.0602306178887635	0.007349108349502622	mu.ptidV002	mu	covariate
24035	3.0112539573889796	0.007436961674531731	mu.ptidV012	mu	covariate
21916	-0.8324073099685751	0.007461433243850837	mu.TimepointPre	mu	covariate
5616	2.221410263852586	0.007481899387240822	mu.ptidV005	mu	covariate
29884	2.7491641170128416	0.007615375497778017	mu.ptidV029	mu	covariate
34715	-2.1503429040202025	0.007668462895361243	mu.ptidV005	mu	covariate
17915	-1.2552121184150438	0.007673669448972422	mu.ptidV019	mu	covariate
28321	-1.0523822273693348	0.00773157644576303	mu.ptidV008	mu	covariate
17354	-1.8625625515698097	0.007780104538280589	mu.ptidV030	mu	covariate
28321	-0.37892510510684463	0.007908344255549671	mu.TimepointPre	mu	covariate
17359	-3.49183060740883	0.007909944110549462	mu.ptidV002	mu	covariate
1130	2.084068999109571	0.007961614287056384	mu.ptidV012	mu	covariate
36642	-0.354748245480107	0.00802165502327306	mu.TimepointPre	mu	covariate
34702	-3.664823586970961	0.00806397340103259	mu.ptidV023	mu	covariate
20936	3.0870322774293606	0.008069434656563452	mu.ptidV012	mu	covariate
2725	-1.7119647434538134	0.008110138158997852	mu.ptidV008	mu	covariate
13506	1.4062754026215494	0.008290824897035092	mu.ptidV021	mu	covariate
18957	3.4879287098686813	0.008321195092148867	mu.ptidV019	mu	covariate
2725	-0.7089374046903336	0.008341195861393685	mu.TimepointPre	mu	covariate
34715	-3.5311524320986885	0.00849840666025143	mu.ptidV002	mu	covariate
9433	1.260802476240083	0.00852571909818251	mu.ptidV008	mu	covariate
34715	0.6278999038479284	0.008550903334998071	mu.ptidV030	mu	covariate
12839	1.6461596555734666	0.008730705027476747	mu.ptidV030	mu	covariate
17915	-3.509667330369337	0.008840520801599902	mu.ptidV002	mu	covariate
7373	2.4674994189684902	0.008913332800952696	mu.ptidV030	mu	covariate
25066	2.8402109703603102	0.009012280021987543	mu.ptidV019	mu	covariate
10536	-3.5005911560429253	0.00908672013156903	mu.ptidV023	mu	covariate
7563	3.578766736744903	0.009157231853468714	mu.ptidV023	mu	covariate
1130	1.9981115446360753	0.009224052175805015	mu.ptidV021	mu	covariate
7382	1.6553033215543207	0.009267768030374969	mu.ptidV029	mu	covariate
12839	1.6747566163491017	0.009282462146823338	mu.ptidV008	mu	covariate
6703	-0.9067133882820212	0.009330327904882278	mu.TimepointPre	mu	covariate
30432	3.5542186911355103	0.009499873115181058	mu.ptidV023	mu	covariate
17359	-1.2842206054156025	0.009560181187009137	mu.ptidV021	mu	covariate
24694	2.2173964284661842	0.009695019122824378	mu.ptidV005	mu	covariate
18173	-2.015906150416387	0.009865451367674142	mu.ptidV030	mu	covariate
19756	3.405677245156883	0.009974570001786313	mu.ptidV012	mu	covariate
3368	2.2346899001421954	0.009995012532957337	mu.ptidV030	mu	covariate
17359	-1.36012722085436	0.010047772897617473	mu.ptidV019	mu	covariate
24148	1.684918702026392	0.010077112761187435	mu.ptidV008	mu	covariate
21916	3.592275763182112	0.010098483636912868	mu.ptidV023	mu	covariate
1123	1.5495826222557505	0.01011244250868087	mu.ptidV005	mu	covariate
19756	-0.5092632228968826	0.010314097722583737	mu.TimepointPre	mu	covariate
7163	-3.5960433306501085	0.010404215752972781	mu.ptidV030	mu	covariate
13527	-3.2871519616164986	0.010483298460974795	mu.ptidV023	mu	covariate
3368	2.2926304507688045	0.010511655654754655	mu.ptidV005	mu	covariate
24148	-0.7078666708115543	0.011104661181336739	mu.TimepointPre	mu	covariate
13513	-0.46960316911130445	0.011143806329539985	mu.TimepointPre	mu	covariate
19756	3.375670361953864	0.01128729080298963	mu.ptidV002	mu	covariate
17354	-3.327492288277864	0.011435426877062881	mu.ptidV005	mu	covariate
45	0.9596982895465205	0.011459079278901333	mu.ptidV021	mu	covariate
18173	-2.0776361172638875	0.011545601306187897	mu.ptidV029	mu	covariate
45	-3.426447937930767	0.011941496898188221	mu.ptidV023	mu	covariate
18173	-3.0356847119168746	0.01201927535942813	mu.ptidV023	mu	covariate
17359	-2.969800898496009	0.012278691572433999	mu.ptidV005	mu	covariate
13215	-3.026109315977342	0.012442030120675357	mu.ptidV005	mu	covariate
7163	-3.495461148323834	0.012538671281004719	mu.ptidV023	mu	covariate
7382	-0.47611466954116194	0.012651166184824376	mu.TimepointPre	mu	covariate
1130	1.8984307656295618	0.012772403477101426	mu.ptidV029	mu	covariate
3368	-0.8890632799313622	0.012798539954569126	mu.TimepointPre	mu	covariate
7395	-1.8906869848610248	0.013047435056206648	mu.TimepointPre	mu	covariate
13215	-1.2876823940604858	0.013361923532304379	mu.ptidV012	mu	covariate
24694	2.063085851019743	0.013472148267673784	mu.ptidV029	mu	covariate
34621	0.8262061272784834	0.013990905608432847	mu.ptidV008	mu	covariate
17915	-1.0820678228006795	0.014047017021341686	mu.ptidV008	mu	covariate
6315	1.0922549072433998	0.014604159036814033	mu.ptidV008	mu	covariate
13527	-3.1449197448601334	0.014618497957952514	mu.ptidV008	mu	covariate
45	-0.4554535842880427	0.01465267333376541	mu.TimepointPre	mu	covariate
17354	-1.6735386072754854	0.015104077880671321	mu.ptidV002	mu	covariate
7373	2.225928326473856	0.01541345226657469	mu.ptidV021	mu	covariate
7373	2.241480310899571	0.01554848084167986	mu.ptidV029	mu	covariate
45	-3.219745417450459	0.015548964982194633	mu.ptidV019	mu	covariate
17359	-0.8391697721830961	0.015643409593139198	mu.TimepointPre	mu	covariate
7152	2.2559025688165573	0.015644121790596682	mu.ptidV005	mu	covariate
34711	-0.48508192755536245	0.015779821826955465	mu.TimepointPre	mu	covariate
18953	1.7962701010102844	0.015854650355161745	mu.ptidV021	mu	covariate
9905	1.6974261736647527	0.01598230593261083	mu.ptidV021	mu	covariate
25546	2.0602412756355775	0.016077746996884752	mu.ptidV005	mu	covariate
34715	-0.40582522856473185	0.016910648503969134	mu.TimepointPre	mu	covariate
35911	3.1040978182779013	0.017306839333976174	mu.ptidV008	mu	covariate
13196	-1.0811160739753818	0.017922197251366376	mu.ptidV002	mu	covariate
7088	-0.47100424387458945	0.01820860630099995	mu.TimepointPre	mu	covariate
1123	-0.7615675755329343	0.018294594529876227	mu.TimepointPre	mu	covariate
17354	-1.1087977879708224	0.01834381443437489	mu.TimepointPre	mu	covariate
18054	-0.5300763788486914	0.018513853446199165	mu.TimepointPre	mu	covariate
11051	-0.510739945056297	0.018661928611846495	mu.TimepointPre	mu	covariate
7163	-2.14897011313522	0.0187695352273573	mu.ptidV008	mu	covariate
7564	-0.5242181009242876	0.018911771432152013	mu.TimepointPre	mu	covariate
2725	-1.153856006559029	0.01897200422085029	mu.ptidV030	mu	covariate
348	-0.37421900268273217	0.019184657026624814	mu.TimepointPre	mu	covariate
11051	-0.8072740746017903	0.019223495060392146	mu.ptidV008	mu	covariate
7563	3.0894913489065816	0.019244440010859957	mu.ptidV021	mu	covariate
7645	3.0240700482896528	0.01973080800589539	mu.ptidV008	mu	covariate
25066	-0.3531291188640294	0.01991503187680864	mu.TimepointPre	mu	covariate
13215	-1.0624096076236114	0.02091533097245235	mu.ptidV021	mu	covariate
34702	-0.46594012223156644	0.021105764325884336	mu.TimepointPre	mu	covariate
13215	-0.7555979110427251	0.02111876155606765	mu.TimepointPre	mu	covariate
7163	-2.0334202178592236	0.02125638017929822	mu.ptidV012	mu	covariate
11444	2.7303760953113714	0.021981116110880963	mu.ptidV023	mu	covariate
30747	-0.6418860589385255	0.02214177819037437	mu.TimepointPre	mu	covariate
7563	3.0653627260280123	0.022152956868581566	mu.ptidV012	mu	covariate
17354	-1.3371677391596306	0.022331930875081986	mu.ptidV019	mu	covariate
13513	1.6952621295607702	0.022625596098020034	mu.ptidV005	mu	covariate
1944	-0.7522911374786143	0.0227270260074632	mu.ptidV005	mu	covariate
13196	-0.7399745064619063	0.02273847763503101	mu.ptidV019	mu	covariate
5616	-0.8676763680388341	0.023270232857246338	mu.TimepointPre	mu	covariate
30432	3.016818690990943	0.023604911755401567	mu.ptidV012	mu	covariate
13196	-0.6464208015403635	0.02402952650586941	mu.ptidV030	mu	covariate
18957	-0.7407532283888432	0.02404362568287715	mu.TimepointPre	mu	covariate
13506	-0.5676507979183847	0.024139716352124592	mu.TimepointPre	mu	covariate
29884	-0.386571963850969	0.02440255514671965	mu.TimepointPre	mu	covariate
34702	-1.1570966170472694	0.02449866617172356	mu.ptidV012	mu	covariate
3649	1.4909941311242547	0.02479678105439601	mu.ptidV019	mu	covariate
6703	1.6962142482903213	0.024800293367759813	mu.ptidV029	mu	covariate
13824	-1.65859389847432	0.025403160911625807	mu.TimepointPre	mu	covariate
7163	-1.919823119224986	0.02551915443448237	mu.ptidV019	mu	covariate
34711	-2.9253734154203386	0.025631628516358383	mu.ptidV023	mu	covariate
25066	2.2722451971953386	0.026611623583071984	mu.ptidV012	mu	covariate
2725	-1.1190383026051924	0.027372930574613524	mu.ptidV005	mu	covariate
12120	2.9021490127077914	0.027882032679528972	mu.ptidV012	mu	covariate
9433	0.982322168249362	0.028430414738467795	mu.ptidV029	mu	covariate
18953	1.5949162631909701	0.028781430935083865	mu.ptidV012	mu	covariate
27362	2.751462855892332	0.029134614730292767	mu.ptidV008	mu	covariate
348	-0.43744525454328526	0.029374690847638427	mu.ptidV005	mu	covariate
2725	-0.978484142637434	0.03058573529335299	mu.ptidV012	mu	covariate
25671	2.3331129368797012	0.03064728272792352	mu.ptidV030	mu	covariate
14425	-2.1719412014163075	0.031169544793254664	mu.ptidV005	mu	covariate
21916	2.82322890234616	0.03192596939577545	mu.ptidV021	mu	covariate
13196	-0.35255676052763607	0.03339073835041145	mu.TimepointPre	mu	covariate
13527	-1.2300303958612975	0.03346209549988435	mu.ptidV030	mu	covariate
34711	0.9895668781295058	0.03511559688036672	mu.ptidV008	mu	covariate
35911	2.635043389204072	0.03565796860710424	mu.ptidV019	mu	covariate
7645	2.635011777465003	0.03565892926046312	mu.ptidV019	mu	covariate
10536	-2.102457819158263	0.036320624754301346	mu.ptidV005	mu	covariate
9408	-1.3861257639347044	0.036987334317686006	mu.ptidV005	mu	covariate
10802	-0.6263000746066064	0.03702721115812668	mu.TimepointPre	mu	covariate
12120	2.75371593381855	0.03804807818161121	mu.ptidV005	mu	covariate
7163	-2.537055243034225	0.03890177260073572	mu.ptidV005	mu	covariate
13527	-1.1630233199226159	0.039968988534386275	mu.ptidV029	mu	covariate
25671	2.167107026556846	0.040881342491136584	mu.ptidV012	mu	covariate
7373	1.805335699851034	0.041216315973414325	mu.ptidV012	mu	covariate
34702	0.6530584669089219	0.04233285905679399	mu.ptidV019	mu	covariate
7645	2.577144452832484	0.04252849282506614	mu.ptidV005	mu	covariate
25546	-0.9515685319690405	0.04276888265744433	mu.TimepointPre	mu	covariate
1130	-0.43155472363507913	0.04411240103218381	mu.TimepointPre	mu	covariate
45	0.7240172416541762	0.04447018342615771	mu.ptidV030	mu	covariate
335	-2.446154169442532	0.04835783446128687	mu.ptidV012	mu	covariate
7382	1.1601911357136725	0.048367325278782215	mu.ptidV030	mu	covariate
7152	1.6613912009011673	0.05014504763314344	mu.ptidV030	mu	covariate
20981	-0.4984413266354441	0.05028436708173161	mu.TimepointPre	mu	covariate
7152	1.657894423507445	0.05079443366593963	mu.ptidV008	mu	covariate
34715	-0.5628479733889106	0.05114497568945583	mu.ptidV029	mu	covariate
3649	-0.4509247360482623	0.05153530257501386	mu.TimepointPre	mu	covariate
31187	-1.5944305027349435	0.052630391148190785	mu.ptidV030	mu	covariate
14425	0.6519706042585971	0.0530922843044385	mu.ptidV019	mu	covariate
7563	2.4438226493456026	0.05524113497063266	mu.ptidV008	mu	covariate
6703	1.4192299704931401	0.055449876361945406	mu.ptidV008	mu	covariate
3649	-2.491967277446783	0.055644750836842255	mu.ptidV023	mu	covariate
3649	1.1831601513832923	0.05776815831638088	mu.ptidV030	mu	covariate
2725	-0.7645446510697125	0.05912953488042465	mu.ptidV021	mu	covariate
2725	-0.7663591211480687	0.059750193380505336	mu.ptidV029	mu	covariate
7152	-0.8283342008126656	0.060358614613160146	mu.TimepointPre	mu	covariate
31187	0.9052593831744333	0.06465801973094838	mu.ptidV002	mu	covariate
36341	-0.6040748936141106	0.06618793806682968	mu.TimepointPre	mu	covariate
9464	2.0989407376273337	0.06663031315651985	mu.ptidV023	mu	covariate
25671	1.9313238669783637	0.06739140566889175	mu.ptidV002	mu	covariate
18957	2.2054948795545184	0.06775286626551913	mu.ptidV008	mu	covariate
10536	0.6262235111792749	0.0705612880317218	mu.ptidV019	mu	covariate
13398	-1.0854754992522242	0.07251504905990445	mu.ptidV005	mu	covariate
24035	1.715713524606895	0.07373505198693588	mu.ptidV008	mu	covariate
18054	-2.0747328043090736	0.07402765703942393	mu.ptidV005	mu	covariate
13527	-0.9431434366347575	0.07453348833353883	mu.ptidV019	mu	covariate
11444	2.049241174696257	0.0754469323468022	mu.ptidV012	mu	covariate
14425	-0.341650437328951	0.07593419474784706	mu.TimepointPre	mu	covariate
24694	-0.6386587243144359	0.07611342327314534	mu.TimepointPre	mu	covariate
18173	-0.8282643774199295	0.07618857321089942	mu.ptidV012	mu	covariate
31187	-1.4992787762700541	0.07649758734030859	mu.ptidV008	mu	covariate
13527	-0.8760739175233903	0.07719478226239929	mu.ptidV021	mu	covariate
9905	1.1858814517433351	0.07738739484002453	mu.ptidV012	mu	covariate
5616	1.2926234180830494	0.08029254516632717	mu.ptidV021	mu	covariate
13513	1.2329220057142187	0.08129239806806084	mu.ptidV029	mu	covariate
18953	-0.6045691321946978	0.0813133627235282	mu.TimepointPre	mu	covariate
18173	-0.7935993621101802	0.08230877872004673	mu.ptidV021	mu	covariate
326	-1.685835849960588	0.08333098885369955	mu.ptidV008	mu	covariate
24035	-0.9538234762024639	0.08668334759680717	mu.TimepointPre	mu	covariate
24148	0.9966707065491963	0.08722859376899329	mu.ptidV023	mu	covariate
335	-1.5230495726417095	0.08889563169463875	mu.ptidV008	mu	covariate
13398	0.5582393136600711	0.08893807939594137	mu.ptidV012	mu	covariate
14425	-0.769399606877806	0.09126419799959531	mu.ptidV021	mu	covariate
335	-1.5322908735784542	0.09163448779036823	mu.ptidV023	mu	covariate
20936	1.7845573221248219	0.09303664085421824	mu.ptidV002	mu	covariate
5616	1.237340656393238	0.093824727288676385	mu.ptidV019	mu	covariate
2534	-0.683193545504726	0.0956426614018561	mu.TimepointPre	mu	covariate
3648	-0.9768525536453774	0.09711685470461374	mu.TimepointPre	mu	covariate
3649	1.025590194984861	0.09737985324046713	mu.ptidV029	mu	covariate
326	-1.5206422066103913	0.09861134944388755	mu.ptidV023	mu	covariate
31187	-1.1663816407906256	0.09913537439777366	mu.ptidV021	mu	covariate
9408	-0.8585052855851913	0.10075167499079626	mu.ptidV002	mu	covariate
28659	-0.4502703173894368	0.10125867248362848	mu.TimepointPre	mu	covariate
14425	-0.7512244719980076	0.10167252847792417	mu.ptidV008	mu	covariate
45	-0.8053305936247325	0.10174232782861953	mu.ptidV012	mu	covariate
2725	0.5023546724883736	0.10281987177193504	mu.ptidV002	mu	covariate
10536	-0.3218567541790798	0.10340303491385833	mu.TimepointPre	mu	covariate
24694	1.282127812868895	0.10348234964676005	mu.ptidV023	mu	covariate
12120	2.048819971750055	0.10562385447545454	mu.ptidV021	mu	covariate
9433	-1.6259815923614127	0.10840344283165117	mu.ptidV005	mu	covariate
10536	-0.7462075669931814	0.10856771773500122	mu.ptidV021	mu	covariate
22238	-1.8802556564844288	0.10860785768819856	mu.ptidV019	mu	covariate
7163	-1.0395701978960636	0.10889308290031115	mu.ptidV002	mu	covariate
6703	1.1939332726478653	0.10952025942700505	mu.ptidV005	mu	covariate
24694	1.4012761257713489	0.10998412002303913	mu.ptidV008	mu	covariate
22238	-2.21461250520268	0.11368276005579343	mu.ptidV005	mu	covariate
45	-0.7768064708827267	0.11378130340639955	mu.ptidV029	mu	covariate
28321	-0.34952569600246614	0.1138441921169609	mu.ptidV030	mu	covariate
13215	-0.5805767724060709	0.11822805805042594	mu.ptidV019	mu	covariate
34621	-0.748124351764289	0.11830783664515987	mu.ptidV002	mu	covariate
9905	1.1189128110748363	0.11974865008714915	mu.ptidV019	mu	covariate
10536	-0.7227950077707846	0.1219498302094204	mu.ptidV008	mu	covariate
34711	0.6771077537933383	0.1250703518362002	mu.ptidV029	mu	covariate
13506	0.7658077852085347	0.1250990333307541	mu.ptidV008	mu	covariate
3368	1.2422623466582237	0.12524852261904773	mu.ptidV021	mu	covariate
11430	1.1259064454846412	0.12595605276959093	mu.ptidV021	mu	covariate
34621	-0.6045749343551898	0.12748703681737086	mu.ptidV023	mu	covariate
31187	-1.1188015148425263	0.12929794205994852	mu.ptidV005	mu	covariate
1123	-1.1966966226086155	0.12964681854027005	mu.ptidV008	mu	covariate
3368	1.231472987063374	0.12991403662806364	mu.ptidV019	mu	covariate
2534	1.226195286456687	0.13002416564336747	mu.ptidV029	mu	covariate
34621	-0.578760803632488	0.13091602284498052	mu.ptidV030	mu	covariate
12512	0.7724858589939048	0.13161693676848488	mu.ptidV029	mu	covariate
7163	-0.5894891041620522	0.13292465440327478	mu.TimepointPre	mu	covariate
5616	1.0933475531674437	0.1374351846275266	mu.ptidV008	mu	covariate
34621	-0.6767869544894823	0.1387443730643978	mu.ptidV005	mu	covariate
6315	-0.8415056934836511	0.1419411627365073	mu.ptidV023	mu	covariate
25546	1.1078616629965392	0.1454107292070999	mu.ptidV008	mu	covariate
18366	-0.342559345226607	0.14826499451685057	mu.TimepointPre	mu	covariate
12120	1.8214178246310877	0.15073413080212592	mu.ptidV008	mu	covariate
12839	-1.5786007250271898	0.15530097535402848	mu.ptidV023	mu	covariate
9464	1.5846677297596734	0.16213572519905783	mu.ptidV002	mu	covariate
2381	-1.5231785392868564	0.16379177341884332	mu.ptidV008	mu	covariate
6703	1.0058104662325056	0.16444578573705984	mu.ptidV012	mu	covariate
24035	1.300813745301559	0.1661366794082841	mu.ptidV021	mu	covariate
14425	0.46925799268787627	0.1662856793265659	mu.ptidV002	mu	covariate
14425	-0.5681468279875407	0.16710263930527652	mu.ptidV012	mu	covariate
2381	-1.2110346447539433	0.16729383081605623	mu.ptidV029	mu	covariate
25671	1.39762461641862	0.17114607889787023	mu.ptidV019	mu	covariate
10536	0.4778975888462565	0.17309485042228517	mu.ptidV002	mu	covariate
3368	1.1013973406219968	0.17390431590529296	mu.ptidV023	mu	covariate
21916	1.863237658031124	0.17409397653936573	mu.ptidV002	mu	covariate
18054	0.6264317174803743	0.17495830941002222	mu.ptidV008	mu	covariate
45	-0.7267009968476821	0.17502794620408213	mu.ptidV002	mu	covariate
20936	-0.4974591361669509	0.17647458128152452	mu.TimepointPre	mu	covariate
18366	1.8777412529560376	0.17759478597474307	mu.ptidV008	mu	covariate
34711	-1.205674152805747	0.18153710852827382	mu.ptidV005	mu	covariate
7152	1.108751494734515	0.18465180652959806	mu.ptidV019	mu	covariate
2381	-1.5837914010264385	0.1852994867891366	mu.ptidV002	mu	covariate
12120	1.6653595402383983	0.18612267660211898	mu.ptidV019	mu	covariate
5612	0.937669019832187	0.18902268541316916	mu.ptidV019	mu	covariate
13513	0.9153194947610508	0.193513858712627	mu.ptidV019	mu	covariate
10536	-0.5482845078933223	0.1938015627288671	mu.ptidV012	mu	covariate
7563	-0.45211837839165386	0.1947420030865865	mu.TimepointPre	mu	covariate
9408	-0.5264194608693055	0.1958344262699572	mu.ptidV023	mu	covariate
22238	-1.268125040993884	0.19733390949588817	mu.ptidV008	mu	covariate
3648	-1.594349756133637	0.1974886134188488	mu.ptidV005	mu	covariate
22238	-0.8769413293571788	0.19768641805416573	mu.TimepointPre	mu	covariate
27362	1.5445610496365891	0.19840050882301907	mu.ptidV012	mu	covariate
7645	1.709895686673111	0.20024174017663085	mu.ptidV002	mu	covariate
35911	1.7097968469422185	0.20026661374888508	mu.ptidV002	mu	covariate
13506	-1.266914603578671	0.20111369246245944	mu.ptidV005	mu	covariate
24694	-1.6137897683604385	0.20182084382414311	mu.ptidV019	mu	covariate
18173	-0.5486509684918814	0.20256548266836177	mu.ptidV019	mu	covariate
2381	-1.0490212034957724	0.20275530513644988	mu.ptidV030	mu	covariate
34702	0.38710422283126655	0.20522256436852931	mu.ptidV029	mu	covariate
11430	0.9263171504252644	0.20748467171634266	mu.ptidV012	mu	covariate
25671	-0.43182967466317945	0.20933285519272246	mu.TimepointPre	mu	covariate
1123	0.6670450840402953	0.21070767532368498	mu.ptidV002	mu	covariate
30432	-0.40376816497955687	0.21164349134166263	mu.TimepointPre	mu	covariate
12120	1.565336741431699	0.21283521957811505	mu.ptidV029	mu	covariate
25546	-1.209203142015314	0.2136987877747628	mu.ptidV023	mu	covariate
24148	0.7510339139134841	0.2149493175766037	mu.ptidV005	mu	covariate
11051	-0.295243293528451	0.21520651387471118	mu.ptidV029	mu	covariate
335	-0.4903724701012706	0.21602834463323048	mu.TimepointPre	mu	covariate
3648	0.9085897991940066	0.21970726019581402	mu.ptidV002	mu	covariate
9905	-0.38292359071536713	0.22384470270905588	mu.TimepointPre	mu	covariate
12512	-0.972795261355749	0.22958073785077093	mu.ptidV023	mu	covariate
5612	0.8491903729551156	0.2337068558227787	mu.ptidV021	mu	covariate
34715	-0.28323836657397444	0.2356500784709798	mu.ptidV021	mu	covariate
7152	0.9911168550610154	0.23575036318385478	mu.ptidV021	mu	covariate
25546	0.8988259228368204	0.23691182199152874	mu.ptidV021	mu	covariate
34621	-0.4288031066871169	0.23713471296665575	mu.ptidV029	mu	covariate
28321	0.22028840576950426	0.2381087298956531	mu.ptidV021	mu	covariate
3648	1.0818577449912528	0.23904993200863775	mu.ptidV019	mu	covariate
27362	1.3789778548546243	0.24558360343529137	mu.ptidV021	mu	covariate
30432	1.4373696785695502	0.24718411948202945	mu.ptidV029	mu	covariate
11430	-1.4805328603415906	0.2500181543825319	mu.ptidV029	mu	covariate
7382	-1.1590930272030364	0.2520812248670144	mu.ptidV023	mu	covariate
13527	-0.4722152318249322	0.25299265850363634	mu.ptidV012	mu	covariate
3649	-1.261851633413045	0.2539388037200578	mu.ptidV005	mu	covariate
24148	-0.9139095382346439	0.25404350370391565	mu.ptidV019	mu	covariate
18173	-0.6803727319778096	0.2575371951738675	mu.ptidV005	mu	covariate
18366	1.4038986183312634	0.26311829523343455	mu.ptidV023	mu	covariate
18953	0.9124360323520279	0.26392977712829263	mu.ptidV019	mu	covariate
29884	1.03704205290228	0.26633050467143554	mu.ptidV019	mu	covariate
12512	0.626319635178169	0.2673850637085187	mu.ptidV008	mu	covariate
13513	0.7523938231683863	0.26946077609461894	mu.ptidV012	mu	covariate
2534	-1.3355053644253057	0.2750406982056647	mu.ptidV008	mu	covariate
34621	0.3225718115820539	0.27764678437013995	mu.ptidV012	mu	covariate
24035	1.0696875057223671	0.2797602680909544	mu.ptidV005	mu	covariate
12120	1.347826985041092	0.2815113268770656	mu.ptidV030	mu	covariate
3648	-0.9788597093195952	0.2849012316190238	mu.ptidV030	mu	covariate
13506	-0.6516958207899489	0.300305093596236	mu.ptidV030	mu	covariate
7382	0.6730816330884566	0.30367899412675964	mu.ptidV008	mu	covariate
1123	0.5458768664289312	0.3053226955868578	mu.ptidV012	mu	covariate
22238	-1.0577298345900474	0.30667587539458474	mu.ptidV029	mu	covariate
7152	0.8595266602063207	0.3077416609377644	mu.ptidV002	mu	covariate
335	-0.7851279754364832	0.30828861018155407	mu.ptidV005	mu	covariate
31187	-0.2380479883088785	0.3083980426710941	mu.TimepointPre	mu	covariate
18957	1.2002262330161462	0.3100481566139815	mu.ptidV029	mu	covariate
326	-0.8061929234698335	0.31050758974492954	mu.ptidV002	mu	covariate
9905	0.6820620856534045	0.31084145141658043	mu.ptidV008	mu	covariate
5616	0.7453869398819813	0.31527896442326087	mu.ptidV002	mu	covariate
2381	-1.1425491620174322	0.32269610853758707	mu.ptidV005	mu	covariate
24148	-0.7271171844205823	0.32694487632778646	mu.ptidV030	mu	covariate
13513	-0.9289855224773278	0.32730535990881626	mu.ptidV023	mu	covariate
335	-0.6971194345714693	0.3378573742236837	mu.ptidV021	mu	covariate
17362	1.188178968163661	0.3421211073715709	mu.ptidV029	mu	covariate
13196	-0.21197369450103565	0.3432586757073624	mu.ptidV012	mu	covariate
5612	0.6775826947797725	0.3450616466240615	mu.ptidV030	mu	covariate
17915	0.2182614862049507	0.34527262090849786	mu.ptidV021	mu	covariate
13398	-0.36039332082801545	0.3457010176684802	mu.ptidV023	mu	covariate
20108	-0.6288498193185671	0.35095352575164857	mu.TimepointPre	mu	covariate
6315	0.4206579453943796	0.35331417640023993	mu.ptidV002	mu	covariate
7404	-0.1022506577395435	0.3556054504764201	mu.ptidV008	mu	covariate
6703	0.672175164552453	0.35598536484297477	mu.ptidV030	mu	covariate
5616	0.67487493269881	0.36138390826289235	mu.ptidV030	mu	covariate
6315	0.3683889071245848	0.36596172458026627	mu.ptidV029	mu	covariate
9905	-0.7527742790695842	0.3674512442225293	mu.ptidV023	mu	covariate
34711	-0.4744400754691973	0.3713825135343888	mu.ptidV030	mu	covariate
22238	-0.8709675810132431	0.37527176761253	mu.ptidV012	mu	covariate
6703	-0.7959174829642305	0.3753471295326837	mu.ptidV023	mu	covariate
326	-0.6668526862695181	0.3755642262369894	mu.ptidV019	mu	covariate
5616	0.6552959260551433	0.3760773552160629	mu.ptidV012	mu	covariate
22238	-0.8459534319839233	0.37669402992557155	mu.ptidV021	mu	covariate
3368	0.718803002791184	0.38202028626344964	mu.ptidV002	mu	covariate
18957	1.0287598854508928	0.3857261960720194	mu.ptidV023	mu	covariate
30432	1.0587536685475714	0.3914158666098898	mu.ptidV030	mu	covariate
3648	0.6206237294778219	0.39313131224643905	mu.ptidV021	mu	covariate
13222	-1.3647147118466867	0.3994661638987601	mu.ptidV021	mu	covariate
25671	0.8619896384558068	0.4007556710568504	mu.ptidV029	mu	covariate
24035	0.7859121540810304	0.4072812373927247	mu.ptidV029	mu	covariate
18054	0.36673501617664095	0.414130250445213	mu.ptidV030	mu	covariate
29884	0.7518478354386526	0.41913785022580385	mu.ptidV023	mu	covariate
13196	-0.1730151463558707	0.42543414834634496	mu.ptidV021	mu	covariate
12512	0.39516557305508687	0.4259682050326322	mu.ptidV030	mu	covariate
25546	0.6126903532763128	0.42601699905234314	mu.ptidV012	mu	covariate
3368	0.65337520172682	0.42723270077343056	mu.ptidV008	mu	covariate
10536	0.27029137808429937	0.4278575064505168	mu.ptidV029	mu	covariate
29884	0.7313130635980226	0.42805095647940195	mu.ptidV021	mu	covariate
18054	-0.47728707980315993	0.4366757602947784	mu.ptidV002	mu	covariate
9464	0.8678055598030552	0.4388651260519483	mu.ptidV012	mu	covariate
25546	-0.6991536583171076	0.4392666220381062	mu.ptidV029	mu	covariate
7163	-0.39794154921163877	0.44758031090434813	mu.ptidV021	mu	covariate
3649	0.4830942776806279	0.451598850985087	mu.ptidV002	mu	covariate
14425	0.24685761568123055	0.45243576667341323	mu.ptidV029	mu	covariate
13527	-0.3106865308689213	0.45388547155438697	mu.ptidV005	mu	covariate
9433	0.32296138471333796	0.45489169826372466	mu.ptidV023	mu	covariate
13222	0.9499057790565748	0.46090331880640456	mu.ptidV029	mu	covariate
34702	-0.24425569447209572	0.46155549343748525	mu.ptidV030	mu	covariate
6315	0.2976602510142424	0.46329614472516223	mu.ptidV012	mu	covariate
357	-0.09691806982756804	0.46650103106119134	mu.ptidV008	mu	covariate
13506	-0.47189035295307846	0.4674721567094331	mu.ptidV002	mu	covariate
12839	-0.6757218134753245	0.478037242704101	mu.ptidV005	mu	covariate
6703	0.5197116583991692	0.47948466135470924	mu.ptidV021	mu	covariate
7373	0.6862741540600272	0.48465717170652434	mu.ptidV002	mu	covariate
13222	0.8924802111427717	0.487946063149174	mu.ptidV019	mu	covariate
18366	0.9931208619234004	0.48899471061492894	mu.ptidV019	mu	covariate
2381	-0.4761691679616852	0.49578809943588487	mu.ptidV021	mu	covariate
5612	-0.5754925682337232	0.4959389464229317	mu.ptidV029	mu	covariate
9408	-0.23893578119126224	0.4975032328363834	mu.ptidV030	mu	covariate
24694	0.5332633707028505	0.5031256413131602	mu.ptidV021	mu	covariate
17362	-1.0164023838675138	0.5056145440922974	mu.ptidV005	mu	covariate
18054	-0.3506835588580489	0.5076371868532725	mu.ptidV029	mu	covariate
1130	-0.7272082582478369	0.5127025296779033	mu.ptidV005	mu	covariate
29884	0.6499947040600842	0.5130060297850136	mu.ptidV008	mu	covariate
9408	0.20705872934867042	0.5159104215729963	mu.ptidV012	mu	covariate
25546	0.5029450063010259	0.5168539090207268	mu.ptidV019	mu	covariate
17915	0.15105111177398187	0.521573337993011	mu.ptidV029	mu	covariate
13398	-0.22560300958465304	0.5240860327314703	mu.ptidV030	mu	covariate
24035	-0.7841677156022764	0.5331861011489643	mu.ptidV023	mu	covariate
27362	0.7264983043128692	0.5463315640725164	mu.ptidV030	mu	covariate
7382	-0.4834908710775506	0.5477728692564822	mu.ptidV019	mu	covariate
1123	-0.37178836857426467	0.5493192102186979	mu.ptidV019	mu	covariate
326	-0.4200077332880749	0.552293653167196	mu.ptidV030	mu	covariate
6897	-0.0692798246875572	0.5559521025174031	mu.ptidV008	mu	covariate
2534	-0.5485520907909472	0.5648166733231678	mu.ptidV002	mu	covariate
9464	-0.8018195223510248	0.5688102510651608	mu.ptidV030	mu	covariate
1130	-0.5123029915502354	0.5694419912291322	mu.ptidV008	mu	covariate
1123	0.30594939929593346	0.5700881097841742	mu.ptidV021	mu	covariate
31187	-0.2918178691929548	0.5703345906618809	mu.ptidV023	mu	covariate
13222	-0.8706897315202736	0.5738865218498661	mu.ptidV005	mu	covariate
13506	-0.3182186210349503	0.5745611554106793	mu.ptidV029	mu	covariate
24035	0.5290786822179457	0.5795250336474784	mu.ptidV030	mu	covariate
34702	-0.17574252601940493	0.5882326370243837	mu.ptidV021	mu	covariate
18953	0.3912668578592919	0.5896540545857161	mu.ptidV023	mu	covariate
25066	-0.7362558724593113	0.5906141827988632	mu.ptidV029	mu	covariate
11430	-0.6488518549707505	0.5941658717653624	mu.ptidV002	mu	covariate
5612	0.3942376026723396	0.5947354726917118	mu.ptidV002	mu	covariate
18366	0.6760379670620121	0.5960540083875114	mu.ptidV029	mu	covariate
3649	0.33482611139471147	0.599132631908541	mu.ptidV008	mu	covariate
9464	-0.7289814294094586	0.6032105334636703	mu.ptidV029	mu	covariate
11430	-0.4805848565163686	0.6038454812071046	mu.ptidV030	mu	covariate
11430	0.42408054736241646	0.620645593259653	mu.ptidV005	mu	covariate
9433	0.21205387289888133	0.623954863394788	mu.ptidV030	mu	covariate
335	-0.3291321386215006	0.6254903053923302	mu.ptidV002	mu	covariate
25066	0.551642280499844	0.6260514808117825	mu.ptidV008	mu	covariate
11430	0.3924756271298453	0.6326328820411595	mu.ptidV008	mu	covariate
5612	0.3460347539819101	0.6394699559776562	mu.ptidV008	mu	covariate
9464	0.5049045839787019	0.657334053239902	mu.ptidV021	mu	covariate
28321	0.10328170970561068	0.6579410886289807	mu.ptidV002	mu	covariate
20936	0.4734324637914629	0.6585708819379665	mu.ptidV021	mu	covariate
18953	0.32245444479342217	0.6587811344566776	mu.ptidV029	mu	covariate
21916	0.6391328002884549	0.6595492671582315	mu.ptidV005	mu	covariate
20936	0.48811702326311684	0.6640459990441272	mu.ptidV029	mu	covariate
24148	0.24777294853840168	0.6757122808144072	mu.ptidV021	mu	covariate
12512	-0.26614099044721085	0.6794392126541378	mu.ptidV019	mu	covariate
17362	0.5319688170732327	0.6806395214479152	mu.ptidV002	mu	covariate
2534	-0.3629379950874927	0.6849394265560185	mu.ptidV030	mu	covariate
13398	0.14602608265820696	0.6863037217028898	mu.ptidV002	mu	covariate
11444	0.49903553874604994	0.6883514839579961	mu.ptidV029	mu	covariate
24694	-0.3548469337667967	0.688722868316475	mu.ptidV030	mu	covariate
18953	0.29616257373378796	0.6935337854801744	mu.ptidV002	mu	covariate
18953	0.2876457043062738	0.6939333566783616	mu.ptidV030	mu	covariate
34711	-0.21541244943978702	0.6949589587384032	mu.ptidV002	mu	covariate
12839	-0.33695238531679367	0.6952948246785438	mu.ptidV002	mu	covariate
326	-0.2680530560881509	0.6956855614036314	mu.ptidV029	mu	covariate
29259	-0.3272992822777313	0.6979783715366581	mu.TimepointPre	mu	covariate
25546	0.30463238628137834	0.7011906831197706	mu.ptidV002	mu	covariate
27362	0.5019354344422046	0.7095001785154131	mu.ptidV029	mu	covariate
18957	0.43761462991839734	0.7149395072986482	mu.ptidV030	mu	covariate
17362	0.45713470677493157	0.7281118959964954	mu.ptidV019	mu	covariate
29884	-0.4542746277508659	0.7296782766295873	mu.ptidV002	mu	covariate
3648	0.25979902471818267	0.7306859842822713	mu.ptidV029	mu	covariate
18957	0.4691610993966896	0.7367148646054209	mu.ptidV005	mu	covariate
34702	0.10761195594316522	0.7385524661393505	mu.ptidV008	mu	covariate
20936	0.4275446556137436	0.7389042966709787	mu.ptidV005	mu	covariate
20936	-0.4291268728583584	0.7422360689901693	mu.ptidV008	mu	covariate
24694	0.25867814855074533	0.7515338557436813	mu.ptidV012	mu	covariate
5616	0.24067316915720446	0.7540703555907888	mu.ptidV029	mu	covariate
6703	-0.2549282130668886	0.7572149071506618	mu.ptidV019	mu	covariate
1130	0.23240073991401006	0.7610412246775642	mu.ptidV019	mu	covariate
18953	0.22253502202322406	0.7695538436084202	mu.ptidV005	mu	covariate
18366	0.40696983728219654	0.7737090396707001	mu.ptidV012	mu	covariate
9905	0.2004262387448171	0.7742748172449225	mu.ptidV029	mu	covariate
14425	-0.09750663868213134	0.7790763747418318	mu.ptidV030	mu	covariate
13222	-0.18215077007639646	0.7795922510095035	mu.TimepointPre	mu	covariate
13222	0.36514314067539344	0.7802003055106872	mu.ptidV002	mu	covariate
7152	0.24288278957613615	0.7805555426371587	mu.ptidV023	mu	covariate
7163	-0.1310327214562699	0.7813363316207763	mu.ptidV029	mu	covariate
19756	-0.3990270188742969	0.7822717725910895	mu.ptidV030	mu	covariate
12839	-0.1821278821343541	0.7864084754975758	mu.ptidV029	mu	covariate
18957	-0.37805866661290993	0.7880714143879279	mu.ptidV012	mu	covariate
13222	-0.33247053333141496	0.7981559805486501	mu.ptidV030	mu	covariate
1123	-0.14819301442039975	0.800119303821584	mu.ptidV023	mu	covariate
29884	0.2776476878549612	0.8009297969525507	mu.ptidV005	mu	covariate
29884	-0.2594487802040281	0.8047234146314173	mu.ptidV030	mu	covariate
3368	0.20303976788990322	0.8112515001667071	mu.ptidV029	mu	covariate
326	0.15079731288321727	0.8117581961197746	mu.ptidV012	mu	covariate
10536	-0.08526299728899753	0.8130971528856725	mu.ptidV030	mu	covariate
34711	0.10055153287334506	0.8237378731959851	mu.ptidV012	mu	covariate
9905	0.15588986384994102	0.8241823830085985	mu.ptidV030	mu	covariate
17362	0.2840292480043858	0.8272540346721037	mu.ptidV021	mu	covariate
25671	0.24519307318888026	0.8285827583164395	mu.ptidV008	mu	covariate
7373	0.23243014315310392	0.828920026861848	mu.ptidV005	mu	covariate
25671	-0.26259871701497045	0.8325839187251994	mu.ptidV023	mu	covariate
7563	0.2857802320404868	0.8390942514280862	mu.ptidV030	mu	covariate
24148	0.11480573742341343	0.8497317825833055	mu.ptidV012	mu	covariate
9408	-0.06229726201608167	0.8532378399455152	mu.ptidV029	mu	covariate
37776	-0.10188142139759518	0.8540351374134366	mu.TimepointPre	mu	covariate
25066	0.20214947513686207	0.8570254114598199	mu.ptidV023	mu	covariate
25546	0.14376018611589492	0.8578057363437215	mu.ptidV030	mu	covariate
1130	0.13229898162608408	0.8608139476714418	mu.ptidV030	mu	covariate
1123	-0.10096719640795619	0.8615310330638384	mu.ptidV029	mu	covariate
6315	0.08154500556649498	0.8635089863522104	mu.ptidV005	mu	covariate
19756	0.21817125613244578	0.873230078017713	mu.ptidV023	mu	covariate
5616	0.12393836046230329	0.8739477523862251	mu.ptidV023	mu	covariate
9905	0.10942729014040203	0.8804236242835031	mu.ptidV005	mu	covariate
335	-0.0953284375177424	0.8810636771116406	mu.ptidV030	mu	covariate
17362	-0.0889659619117353	0.881678298193838	mu.TimepointPre	mu	covariate
3649	0.09691084133339775	0.8817925900244801	mu.ptidV012	mu	covariate
18366	0.20412253090135715	0.8870870984392649	mu.ptidV030	mu	covariate
17362	-0.1867152088225938	0.8879949972384038	mu.ptidV030	mu	covariate
18953	0.10302763972045455	0.891522460221707	mu.ptidV008	mu	covariate
5612	0.10308564825075243	0.8916640751728444	mu.ptidV012	mu	covariate
6315	0.05607302544848139	0.89281823529363	mu.ptidV030	mu	covariate
18957	0.17836095147548134	0.8974424228532316	mu.ptidV002	mu	covariate
7152	0.11236164358085632	0.8985364045765263	mu.ptidV012	mu	covariate
18054	0.058825849679949666	0.900049125205915	mu.ptidV012	mu	covariate
35911	-0.1816974550508892	0.9009445776739631	mu.ptidV023	mu	covariate
22238	-0.10592587505044665	0.9017681330067179	mu.ptidV002	mu	covariate
13398	0.039154858891293456	0.9066427569253284	mu.ptidV029	mu	covariate
7563	-0.16822686565776443	0.9076524032077485	mu.ptidV029	mu	covariate
7373	0.10982517365649504	0.9164915792564176	mu.ptidV008	mu	covariate
20936	-0.12432559727611436	0.9208858884821494	mu.ptidV019	mu	covariate
45	-0.0344950406012423	0.9311993903732403	mu.ptidV008	mu	covariate
25671	-0.10994051595482686	0.932099108449252	mu.ptidV005	mu	covariate
27362	0.10887218339864262	0.9371556164247208	mu.ptidV023	mu	covariate
326	-0.04392703244333957	0.9462733936783605	mu.ptidV021	mu	covariate
24035	0.06366045856880027	0.9486683372502216	mu.ptidV019	mu	covariate
19756	-0.09101282759918172	0.9495266591830573	mu.ptidV019	mu	covariate
335	-0.03941915567407726	0.9512017254567845	mu.ptidV029	mu	covariate
335	-0.03812971919403649	0.953095972143986	mu.ptidV019	mu	covariate
24148	0.03244600345925995	0.958177652919544	mu.ptidV029	mu	covariate
3648	0.0393385312177865	0.9598220044258162	mu.ptidV008	mu	covariate
5612	0.03677448380835009	0.9617138145874582	mu.ptidV023	mu	covariate
13506	-0.02201069882714605	0.9661616908083044	mu.ptidV012	mu	covariate
2534	-0.03366792734598273	0.9687408307796734	mu.ptidV021	mu	covariate
2534	0.024262196708726876	0.978119234680003	mu.ptidV005	mu	covariate
27362	-0.03528484072335892	0.9799694531179097	mu.ptidV019	mu	covariate
7152	-0.018128685201218922	0.9838388989912521	mu.ptidV029	mu	covariate
1547	-0.0017818673633389877	0.9844111479804885	mu.ptidV029	mu	covariate
34702	0.0021881960491049466	0.9950665739161029	mu.ptidV002	mu	covariate
1123	0.002943383975250388	0.9958494700376854	mu.ptidV030	mu	covariate
24035	-19.27149213333534	0.9986945458076184	mu.ptidV002	mu	covariate
7564	24.404827647809157	0.9989423669361497	mu.ptidV019	mu	covariate
7564	23.80882840927137	0.9989681957633108	mu.ptidV012	mu	covariate
7564	23.546796987544514	0.9989795514230365	mu.ptidV023	mu	covariate
7564	23.16652316432765	0.9989960313559877	mu.ptidV002	mu	covariate
7564	21.87857250271632	0.9990518472988904	mu.ptidV021	mu	covariate
7564	21.47029699692744	0.9990695407441033	mu.ptidV005	mu	covariate
7564	21.363279464204815	0.9990741785648369	mu.ptidV029	mu	covariate
24694	-20.837850359046612	0.9990751654400322	mu.ptidV002	mu	covariate
7564	20.71105344341523	0.9991024441002816	mu.ptidV008	mu	covariate
18366	-18.868916672738724	0.9991097155291607	mu.ptidV002	mu	covariate
18366	-19.061275922753218	0.9991418099129084	mu.ptidV005	mu	covariate
7564	19.675592336519337	0.999147317906415	mu.ptidV030	mu	covariate
9905	-22.035745008888842	0.9992639451795802	mu.ptidV002	mu	covariate
7563	-19.621278282929904	0.9992898994532009	mu.ptidV002	mu	covariate
7563	-19.73325438929676	0.9993079723055978	mu.ptidV005	mu	covariate
34702	-23.412025173173717	0.9993211961843229	mu.ptidV005	mu	covariate
37776	22.8297962870909	0.9993363315007165	mu.ptidV030	mu	covariate
37776	22.350288124762404	0.9993502709320623	mu.ptidV019	mu	covariate
19756	-19.828582136918794	0.9993520575478065	mu.ptidV005	mu	covariate
19756	-20.098280195664096	0.9993572142661427	mu.ptidV008	mu	covariate
37776	22.0909249657374	0.9993578106893924	mu.ptidV002	mu	covariate
37776	22.087040612024428	0.99935792360822	mu.ptidV005	mu	covariate
37776	21.99594937386549	0.999360571655076	mu.ptidV021	mu	covariate
37776	21.941062611128345	0.9993621672280802	mu.ptidV012	mu	covariate
37776	21.92085691383034	0.9993627546131505	mu.ptidV029	mu	covariate
7395	24.35217792459485	0.9993646525356128	mu.ptidV019	mu	covariate
37776	21.748929304788817	0.9993677525951561	mu.ptidV008	mu	covariate
2381	-22.5793988895431	0.9993682412254538	mu.ptidV019	mu	covariate
7563	-20.35975344362951	0.9993861006251914	mu.ptidV019	mu	covariate
7395	23.391875517420157	0.9993897067855858	mu.ptidV021	mu	covariate
357	-26.630290235431172	0.9993926099327783	mu.ptidV023	mu	covariate
7395	23.183763845619325	0.9993951364105944	mu.ptidV002	mu	covariate
9464	-20.99386894867173	0.9994071518117593	mu.ptidV008	mu	covariate
7395	22.71475293083036	0.999407372886294	mu.ptidV005	mu	covariate
37776	20.331973182158194	0.9994089438933942	mu.ptidV023	mu	covariate
12120	-20.67842359427291	0.9994424225144849	mu.ptidV023	mu	covariate
9464	-21.262915950944034	0.9994424595237998	mu.ptidV019	mu	covariate
20108	23.44560659377997	0.9994434480316116	mu.ptidV002	mu	covariate
20108	23.4136206933412	0.9994442073131135	mu.ptidV019	mu	covariate
20108	23.31148154127343	0.9994466318923992	mu.ptidV012	mu	covariate
7395	21.201196782789324	0.999446861505733	mu.ptidV030	mu	covariate
30432	-20.200371950322996	0.9994498054134275	mu.ptidV002	mu	covariate
7395	21.03842580175684	0.9994511081943527	mu.ptidV008	mu	covariate
2381	-22.92670763275626	0.9994513892969528	mu.ptidV023	mu	covariate
7395	20.60567510754985	0.9994623986430378	mu.ptidV029	mu	covariate
7814	28.02885609162561	0.9994650753034597	mu.ptidV008	mu	covariate
20108	22.49513849217526	0.9994660102457558	mu.ptidV021	mu	covariate
20108	22.123531187778823	0.9994748314610091	mu.ptidV029	mu	covariate
30432	-20.378192604927214	0.9994777065147336	mu.ptidV005	mu	covariate
27362	-20.635672492100646	0.999482631502442	mu.ptidV005	mu	covariate
18054	-23.89922050119075	0.9994828320417353	mu.ptidV023	mu	covariate
20108	21.78601363985507	0.9994828434535935	mu.ptidV030	mu	covariate
10802	26.428117127465324	0.9994857722283917	mu.ptidV030	mu	covariate
6897	-26.943966207132945	0.9994868836643731	mu.ptidV019	mu	covariate
20108	21.51120851746013	0.9994893667785866	mu.ptidV005	mu	covariate
20108	21.322899293738026	0.9994938368635684	mu.ptidV008	mu	covariate
28659	25.585955081657662	0.99950262730032	mu.ptidV030	mu	covariate
2534	-22.59845848521258	0.9995083062285581	mu.ptidV019	mu	covariate
7814	25.349722023921945	0.9995162059936361	mu.ptidV029	mu	covariate
28659	24.83270111866378	0.9995172700174053	mu.ptidV021	mu	covariate
13506	-23.921334276479275	0.9995186774632971	mu.ptidV023	mu	covariate
6897	-27.369622114241174	0.9995243558765483	mu.ptidV012	mu	covariate
6897	-27.363097173129013	0.9995327044581144	mu.ptidV023	mu	covariate
25671	-22.441205750683157	0.999534990187463	mu.ptidV021	mu	covariate
1547	-27.492518609870945	0.9995368777439199	mu.ptidV023	mu	covariate
10802	23.77553538182026	0.9995373850996618	mu.ptidV021	mu	covariate
7814	23.86444500183326	0.9995445521831612	mu.ptidV021	mu	covariate
7814	23.850671164808812	0.9995448150538544	mu.ptidV030	mu	covariate
30432	-20.88414617970799	0.9995449800076848	mu.ptidV008	mu	covariate
10802	23.329718765196972	0.9995460596207602	mu.ptidV002	mu	covariate
28659	23.348078874519526	0.9995461300101859	mu.ptidV019	mu	covariate
10802	23.285633534180153	0.999546917413509	mu.ptidV012	mu	covariate
28659	23.241586263947912	0.9995482001502773	mu.ptidV008	mu	covariate
28659	23.080555224578358	0.999551330478393	mu.ptidV029	mu	covariate
7088	27.119196944829856	0.9995535753524533	mu.ptidV029	mu	covariate
28659	22.828975132671875	0.9995562210152495	mu.ptidV005	mu	covariate
7814	23.09508364374196	0.999559235277947	mu.ptidV019	mu	covariate
14678	28.128603607633735	0.999560677122191	mu.ptidV008	mu	covariate
10802	22.438047690718825	0.9995634093994767	mu.ptidV005	mu	covariate
7382	-22.365843065125635	0.999564460107303	mu.ptidV002	mu	covariate
7814	22.758615253458466	0.9995656567043507	mu.ptidV005	mu	covariate
10802	22.265219997802536	0.999566772211468	mu.ptidV029	mu	covariate
7814	22.61315666102822	0.9995684327501055	mu.ptidV023	mu	covariate
7814	22.44555016902671	0.9995716314836978	mu.ptidV012	mu	covariate
28659	21.847273848118583	0.999575304585449	mu.ptidV023	mu	covariate
18173	-24.608954549453323	0.9995826842299591	mu.ptidV008	mu	covariate
28659	21.45406769776164	0.9995829482316059	mu.ptidV012	mu	covariate
2534	-23.128232063178324	0.9995940885384312	mu.ptidV023	mu	covariate
7088	24.31309072328398	0.999599768270724	mu.ptidV012	mu	covariate
7088	24.226624391285494	0.9996011916424623	mu.ptidV005	mu	covariate
14678	25.440734876643244	0.9996026572403491	mu.ptidV021	mu	covariate
7088	23.911031633855835	0.9996063867953191	mu.ptidV021	mu	covariate
36365	-28.664831683148996	0.9996089188495457	mu.ptidV023	mu	covariate
20981	27.12861744518844	0.9996098299096503	mu.ptidV030	mu	covariate
14678	24.879986955465398	0.9996114152069044	mu.ptidV029	mu	covariate
14678	24.80463850799819	0.9996125920265777	mu.ptidV030	mu	covariate
30432	-21.388563221687612	0.9996139938544272	mu.ptidV019	mu	covariate
14678	24.64564672753883	0.9996150752184899	mu.ptidV012	mu	covariate
7088	23.144805058217237	0.9996190000892744	mu.ptidV008	mu	covariate
17354	-25.954000237138548	0.9996228051972093	mu.ptidV023	mu	covariate
7088	22.896812430790693	0.999623082437775	mu.ptidV019	mu	covariate
17354	-26.037426719245012	0.9996241124485713	mu.ptidV012	mu	covariate
11430	-23.111393359824607	0.99962527514494	mu.ptidV023	mu	covariate
7088	22.53844411741001	0.9996289817436501	mu.ptidV023	mu	covariate
14678	23.271154830129444	0.9996365425370151	mu.ptidV019	mu	covariate
14678	23.196887327100026	0.9996377024741467	mu.ptidV005	mu	covariate
20981	25.07732646326334	0.9996393320514944	mu.ptidV012	mu	covariate
7373	-22.80466414459768	0.9996395361625644	mu.ptidV023	mu	covariate
36341	26.99011028663639	0.9996411198175459	mu.ptidV030	mu	covariate
7088	21.654776668825463	0.9996435282992067	mu.ptidV030	mu	covariate
20981	24.68172410898527	0.9996450216962192	mu.ptidV021	mu	covariate
20981	24.34127195090182	0.9996499181580664	mu.ptidV002	mu	covariate
3648	-23.88823646107022	0.9996533441213704	mu.ptidV023	mu	covariate
20981	23.424772624157406	0.9996630994638704	mu.ptidV008	mu	covariate
20981	23.39992264197776	0.9996634568620764	mu.ptidV019	mu	covariate
20981	23.315838484274934	0.9996646661799329	mu.ptidV029	mu	covariate
3648	-24.076664775969085	0.9996741881427962	mu.ptidV012	mu	covariate
36341	24.381258249054323	0.9996758090137161	mu.ptidV021	mu	covariate
20981	22.350910271592266	0.9996785440013648	mu.ptidV005	mu	covariate
36341	24.1264520793239	0.999679197102112	mu.ptidV012	mu	covariate
36341	24.059762579568122	0.9996800838542735	mu.ptidV002	mu	covariate
21916	-21.637939773255898	0.9996817748063864	mu.ptidV008	mu	covariate
16429	28.67736273744012	0.9996856786617112	mu.ptidV012	mu	covariate
13824	25.765848119758385	0.9996884593518957	mu.ptidV019	mu	covariate
355	-27.732861527315524	0.9996904508500197	mu.ptidV005	mu	covariate
36341	22.996298077317046	0.9996942244528431	mu.ptidV029	mu	covariate
355	-28.572021400666216	0.9996984794488302	mu.ptidV029	mu	covariate
13824	24.917042003614693	0.9996987224564062	mu.ptidV021	mu	covariate
355	-28.733048822076494	0.999701143483456	mu.ptidV012	mu	covariate
13824	24.677472201838317	0.9997016191484533	mu.ptidV002	mu	covariate
20936	-23.22304962022268	0.999704835753942	mu.ptidV023	mu	covariate
20936	-23.329016426637516	0.9997087920887362	mu.ptidV030	mu	covariate
21916	-21.97479333457745	0.9997091425694403	mu.ptidV019	mu	covariate
13824	24.032653527055952	0.9997094157952653	mu.ptidV012	mu	covariate
355	-28.865301304932384	0.9997102558743757	mu.ptidV030	mu	covariate
16429	26.309691561815953	0.9997116297764925	mu.ptidV021	mu	covariate
7645	-22.176786736009117	0.9997128642006736	mu.ptidV023	mu	covariate
13513	-22.814084872191795	0.999714643388031	mu.ptidV002	mu	covariate
16429	25.9678686386773	0.9997153763634672	mu.ptidV019	mu	covariate
355	-28.73746330165532	0.9997157070393987	mu.ptidV023	mu	covariate
16429	25.9297550635942	0.9997157941114139	mu.ptidV008	mu	covariate
16429	25.81403214344962	0.999717062504949	mu.ptidV030	mu	covariate
13513	-23.29507548847772	0.9997219010710534	mu.ptidV008	mu	covariate
13824	22.931662882461257	0.9997227281194805	mu.ptidV029	mu	covariate
13824	22.826352308289025	0.9997240014532034	mu.ptidV005	mu	covariate
29259	24.477816001815548	0.9997244658830227	mu.ptidV012	mu	covariate
13824	22.739668843301974	0.9997250495623591	mu.ptidV030	mu	covariate
29259	24.376669370767186	0.9997256044383073	mu.ptidV019	mu	covariate
13824	22.559612348175058	0.9997272266657499	mu.ptidV008	mu	covariate
29259	23.72735407104864	0.9997329134445241	mu.ptidV029	mu	covariate
29259	23.677840555928	0.9997334707925349	mu.ptidV021	mu	covariate
16429	24.090102800885823	0.9997359578183647	mu.ptidV029	mu	covariate
16429	23.595980132812386	0.9997413737031822	mu.ptidV005	mu	covariate
29259	22.850168690234703	0.9997427874663651	mu.ptidV008	mu	covariate
29259	22.799020599651463	0.9997433632139486	mu.ptidV005	mu	covariate
12842	29.600047273905762	0.9997453572809968	mu.ptidV012	mu	covariate
30747	28.176992028126616	0.9997556838903536	mu.ptidV030	mu	covariate
22238	-25.53252205158398	0.999758138077804	mu.ptidV023	mu	covariate
21916	-22.481565010644772	0.9997583670060075	mu.ptidV029	mu	covariate
20890	29.8688775190909	0.9997644446213292	mu.ptidV008	mu	covariate
12842	25.85735909939255	0.9997775548059769	mu.ptidV005	mu	covariate
21916	-22.7450157128746	0.9997776250692291	mu.ptidV012	mu	covariate
30747	25.460386244236183	0.9997792389431632	mu.ptidV021	mu	covariate
12842	25.257227504467192	0.9997827176064207	mu.ptidV030	mu	covariate
30747	25.04111718235607	0.9997828743270734	mu.ptidV002	mu	covariate
30747	24.977231801864072	0.9997834282622546	mu.ptidV012	mu	covariate
22238	-25.872288932418133	0.9997856552912914	mu.ptidV030	mu	covariate
12842	24.531706223663406	0.999788959106841	mu.ptidV019	mu	covariate
30747	24.12497419601514	0.9997908179885151	mu.ptidV005	mu	covariate
30747	24.053625305451174	0.9997914366380425	mu.ptidV029	mu	covariate
30747	23.86717160921156	0.9997930533344117	mu.ptidV019	mu	covariate
30790	30.621942752147653	0.9997933518958471	mu.ptidV019	mu	covariate
20890	25.751749238003185	0.9997969135912004	mu.ptidV002	mu	covariate
30790	29.996832328016545	0.9997975703702178	mu.ptidV008	mu	covariate
20890	25.64971538352613	0.9997977182623057	mu.ptidV021	mu	covariate
20890	25.575392603690766	0.9997983043951522	mu.ptidV019	mu	covariate
20890	25.489447725643938	0.999798982183524	mu.ptidV012	mu	covariate
20890	25.457262608868238	0.9997992360054899	mu.ptidV030	mu	covariate
20890	25.23800625163076	0.9998009651301702	mu.ptidV005	mu	covariate
25066	-22.941620841603065	0.9998021508522423	mu.ptidV005	mu	covariate
12842	22.796262287976525	0.9998038887503766	mu.ptidV029	mu	covariate
20890	24.283921446975352	0.9998084893433966	mu.ptidV029	mu	covariate
31187	-25.99047477892771	0.9998107800523945	mu.ptidV019	mu	covariate
30790	27.600810360475112	0.9998137396051401	mu.ptidV002	mu	covariate
25066	-22.781641620168635	0.9998137398108546	mu.ptidV002	mu	covariate
30790	26.16605343036844	0.9998234218711146	mu.ptidV005	mu	covariate
30790	26.105914837950632	0.9998238277083912	mu.ptidV012	mu	covariate
30790	25.055483352237466	0.9998309164053323	mu.ptidV029	mu	covariate
17362	-24.51119177783637	0.999832756855396	mu.ptidV008	mu	covariate
31187	-26.49919057538621	0.9998331269881313	mu.ptidV012	mu	covariate
30790	24.219526764309258	0.9998365577470094	mu.ptidV030	mu	covariate
25066	-24.311763629773825	0.9998397686464158	mu.ptidV030	mu	covariate
36642	-27.448609067742563	0.999845020761589	mu.ptidV002	mu	covariate
36642	-27.976143273970727	0.999850464288369	mu.ptidV008	mu	covariate
13246	-31.071556486562095	0.9998547206182242	mu.ptidV030	mu	covariate
13246	-30.730219215175495	0.9998548662093141	mu.ptidV029	mu	covariate
17362	-25.05503686677642	0.9998568227844586	mu.ptidV023	mu	covariate
13246	-30.918931699064476	0.9998611612112409	mu.ptidV023	mu	covariate
17362	-25.279648576365066	0.9998707142512717	mu.ptidV012	mu	covariate
36642	-29.08917050585886	0.9998743813515546	mu.ptidV021	mu	covariate
36642	-29.027823146658886	0.9998756321199878	mu.ptidV012	mu	covariate
11444	-23.710182639237512	0.9998773009237396	mu.ptidV005	mu	covariate
36642	-29.092583104610227	0.9998816154371408	mu.ptidV023	mu	covariate
11444	-24.030792347780828	0.9998817594059237	mu.ptidV008	mu	covariate
20998	-29.877204557812284	0.9998826053427727	mu.ptidV008	mu	covariate
20998	-30.17829464343604	0.9998849738421598	mu.ptidV019	mu	covariate
11444	-24.334715364501413	0.9998861873208769	mu.ptidV019	mu	covariate
20998	-30.529767744413466	0.9998933794710738	mu.ptidV029	mu	covariate
20998	-30.8665502034822	0.9998984918537582	mu.ptidV030	mu	covariate
36643	-28.371789003733756	0.9999020402610015	mu.ptidV002	mu	covariate
11444	-25.136010108709165	0.9999065032940451	mu.ptidV021	mu	covariate
13222	-25.83418609411851	0.9999079215263935	mu.ptidV008	mu	covariate
1944	-28.064126129860526	0.9999112976281037	mu.ptidV002	mu	covariate
36643	-29.948888878847015	0.9999148279496659	mu.ptidV012	mu	covariate
11444	-25.381560114801633	0.9999162418126446	mu.ptidV030	mu	covariate
1944	-29.050837743223294	0.9999173496253225	mu.ptidV019	mu	covariate
36643	-30.021981866955166	0.9999193514455995	mu.ptidV023	mu	covariate
13222	-26.318901439382984	0.9999194770343702	mu.ptidV023	mu	covariate
13222	-26.591323490840708	0.9999287588023255	mu.ptidV012	mu	covariate
18030	34.05683123866327	0.9999472279618771	mu.ptidV002	mu	covariate
18030	29.08460248112105	0.9999549325731296	mu.ptidV012	mu	covariate
18030	28.457225492699354	0.9999559047117905	mu.ptidV021	mu	covariate
18030	27.47509605292399	0.9999574265495632	mu.ptidV005	mu	covariate
18030	27.412650428010206	0.9999575233108522	mu.ptidV023	mu	covariate
29259	1.1607926952352439	0.9999889732480112	mu.ptidV002	mu	covariate
7395	-0.7121368547664032	0.9999891189311985	mu.ptidV012	mu	covariate
7814	0.6781113273739163	0.9999910429047281	mu.ptidV002	mu	covariate
7088	0.6972569051455739	0.99999172939082	mu.ptidV002	mu	covariate
7395	-0.5184270435139576	0.9999918009218514	mu.ptidV023	mu	covariate
14678	0.6766505351419673	0.9999924277595138	mu.ptidV002	mu	covariate
20981	-0.8827953014660802	0.9999930247046868	mu.ptidV023	mu	covariate
10802	-0.5894929440025495	0.999993074189103	mu.ptidV023	mu	covariate
16429	0.743023325305542	0.9999942309652412	mu.ptidV002	mu	covariate
14678	-0.6061542311279707	0.9999942438328526	mu.ptidV023	mu	covariate
36341	-0.6942021942584455	0.999994614572526	mu.ptidV023	mu	covariate
12842	0.8145708956368509	0.9999952384016808	mu.ptidV002	mu	covariate
30747	-0.857864971280584	0.9999958911046485	mu.ptidV023	mu	covariate
16429	-0.5522350862431511	0.9999962427068034	mu.ptidV023	mu	covariate
20890	-0.8186976568934513	0.9999963139882614	mu.ptidV023	mu	covariate
30790	-0.9589908494498943	0.9999963632569819	mu.ptidV021	mu	covariate
30790	-0.8883144074058122	0.9999966504849834	mu.ptidV023	mu	covariate
28659	0.2387818325353106	0.9999970013221338	mu.ptidV002	mu	covariate
12842	-0.5051536500452319	0.9999970838687289	mu.ptidV021	mu	covariate
20108	-0.1800528896810371	0.9999970960721086	mu.ptidV023	mu	covariate
12842	-0.4378391709245534	0.9999975501739735	mu.ptidV023	mu	covariate
13824	-0.28204462923978957	0.9999977745844387	mu.ptidV023	mu	covariate
36341	0.2389670633275629	0.9999978243760703	mu.ptidV005	mu	covariate
10802	0.15335248000017998	0.9999979100038536	mu.ptidV008	mu	covariate
12842	0.35255539607007325	0.9999979361469207	mu.ptidV008	mu	covariate
36341	-0.22512770168162072	0.9999980474146445	mu.ptidV019	mu	covariate
29259	-0.190355737930896	0.9999985287409789	mu.ptidV030	mu	covariate
10802	-0.10289295942247356	0.9999986508675458	mu.ptidV019	mu	covariate
29259	0.09456112113523829	0.9999992230730371	mu.ptidV023	mu	covariate
30747	-0.12448474131501241	0.9999993012252699	mu.ptidV008	mu	covariate
18030	-0.5935937475422921	0.9999994042663979	mu.ptidV030	mu	covariate
18030	0.4291352474821618	0.9999995361204084	mu.ptidV008	mu	covariate
18030	-0.24101697571598185	0.9999997515362804	mu.ptidV029	mu	covariate
36341	0.020022651460025853	0.9999998192048676	mu.ptidV008	mu	covariate
18030	0.11894593213378968	0.9999998728036058	mu.ptidV019	mu	covariate
13246	-4.632393518719506	3.38299527689171e-14	mu.(Intercept)	mu	intercept
36365	-4.51009894153469	1.9896246406397362e-13	mu.(Intercept)	mu	intercept
1547	-5.166475235081532	1.273506293975958e-12	mu.(Intercept)	mu	intercept
20998	-5.085853226652726	2.200801529840239e-12	mu.(Intercept)	mu	intercept
355	-4.613486855688473	2.3489790577166377e-12	mu.(Intercept)	mu	intercept
7404	-4.773667249762854	5.927155348081454e-12	mu.(Intercept)	mu	intercept
36643	-6.716683844548311	6.0649443296729645e-12	mu.(Intercept)	mu	intercept
1944	-7.235142988516724	7.708404939172592e-12	mu.(Intercept)	mu	intercept
36642	-6.5699707211578335	1.6362379865276466e-11	mu.(Intercept)	mu	intercept
6897	-4.763650190011393	1.6698603814075227e-11	mu.(Intercept)	mu	intercept
28321	-6.9247264978499254	3.062239635649137e-11	mu.(Intercept)	mu	intercept
357	-4.7482220132463695	4.337169220088484e-11	mu.(Intercept)	mu	intercept
13196	-6.842541865186508	5.7754026438905605e-11	mu.(Intercept)	mu	intercept
34715	-6.6708615241506015	1.194107070139179e-10	mu.(Intercept)	mu	intercept
348	-4.555318778768769	1.660540915394243e-10	mu.(Intercept)	mu	intercept
17915	-6.575294916066045	2.214130601781737e-10	mu.(Intercept)	mu	intercept
11051	-6.209177818439892	2.900062366420944e-10	mu.(Intercept)	mu	intercept
34702	-7.227268209137228	1.005120298157328e-9	mu.(Intercept)	mu	intercept
34621	-6.931520153197505	1.022947596798905e-9	mu.(Intercept)	mu	intercept
18173	-7.2615287984708035	1.3805442975751513e-9	mu.(Intercept)	mu	intercept
13398	-7.19432837009951	1.452807720985713e-9	mu.(Intercept)	mu	intercept
9408	-6.869549172288897	1.8705862718881092e-9	mu.(Intercept)	mu	intercept
45	-7.29285619713683	2.634080030597888e-9	mu.(Intercept)	mu	intercept
13527	-6.71397857462751	4.10606706295612e-9	mu.(Intercept)	mu	intercept
2725	-5.282273038447014	5.396460714876125e-9	mu.(Intercept)	mu	intercept
6315	-7.758224223104836	5.650269661388414e-9	mu.(Intercept)	mu	intercept
17359	-5.6305038343674205	7.4009839887141e-9	mu.(Intercept)	mu	intercept
12512	-9.369900660899827	8.902047746000347e-9	mu.(Intercept)	mu	intercept
14425	-6.200274262610754	9.978417938837022e-9	mu.(Intercept)	mu	intercept
9433	-7.505948296515802	1.0866518885743229e-8	mu.(Intercept)	mu	intercept
34711	-7.754764433314511	1.1187115932831831e-8	mu.(Intercept)	mu	intercept
13215	-5.542684327855201	1.169614930644474e-8	mu.(Intercept)	mu	intercept
10536	-6.213567829874338	1.379084857171169e-8	mu.(Intercept)	mu	intercept
18054	-7.602563088091558	1.677500686941328e-8	mu.(Intercept)	mu	intercept
17354	-5.60685032312236	2.764923558552487e-8	mu.(Intercept)	mu	intercept
31187	-7.511124221979071	3.184514034686001e-8	mu.(Intercept)	mu	intercept
12839	-8.99780564699879	3.374901173379066e-8	mu.(Intercept)	mu	intercept
13506	-7.560676800164727	3.4281480670674065e-8	mu.(Intercept)	mu	intercept
7382	-9.026851658372738	3.721805153528642e-8	mu.(Intercept)	mu	intercept
13513	-9.477400668919998	1.091728849243009e-7	mu.(Intercept)	mu	intercept
24148	-7.637157619926207	1.0974986149237678e-7	mu.(Intercept)	mu	intercept
2381	-7.869922962893971	1.1397649244723767e-7	mu.(Intercept)	mu	intercept
11430	-9.620264217399617	1.937219706523139e-7	mu.(Intercept)	mu	intercept
1130	-8.800792712525729	2.2642389406758235e-7	mu.(Intercept)	mu	intercept
3649	-7.233194400076917	2.8075955289756185e-7	mu.(Intercept)	mu	intercept
1123	-5.7366223593599805	4.7358409405024733e-7	mu.(Intercept)	mu	intercept
7163	-5.762821155751984	4.886482944049031e-7	mu.(Intercept)	mu	intercept
7373	-9.932682526727964	5.669553623335416e-7	mu.(Intercept)	mu	intercept
9905	-7.203824849513213	5.932111741335996e-7	mu.(Intercept)	mu	intercept
326	-6.471891619851297	6.466173669039071e-7	mu.(Intercept)	mu	intercept
6703	-7.489751245413492	8.554356754314105e-7	mu.(Intercept)	mu	intercept
18953	-7.227937814164799	8.75994035176055e-7	mu.(Intercept)	mu	intercept
25066	-10.486847915647605	1.1181571660751653e-6	mu.(Intercept)	mu	intercept
29884	-9.767205314304126	1.1664333141363817e-6	mu.(Intercept)	mu	intercept
24694	-7.88708304400172	1.205192860947822e-6	mu.(Intercept)	mu	intercept
3648	-7.05174188398282	1.4162778568536589e-06	mu.(Intercept)	mu	intercept
2534	-7.630668690478559	1.794363512973482e-6	mu.(Intercept)	mu	intercept
5612	-6.634839768397162	1.8386432279086242e-6	mu.(Intercept)	mu	intercept
335	-6.3914616098894195	2.4502793837523253e-6	mu.(Intercept)	mu	intercept
5616	-6.507715211121202	2.7169389675179147e-6	mu.(Intercept)	mu	intercept
35911	-11.489991436067326	2.9878180858152902e-6	mu.(Intercept)	mu	intercept
7645	-11.489655041644864	2.988600721658673e-6	mu.(Intercept)	mu	intercept
24035	-8.328370692809877	3.2470165702910225e-6	mu.(Intercept)	mu	intercept
11444	-10.400027595601067	3.8019641567379044e-6	mu.(Intercept)	mu	intercept
25546	-6.4053362430267855	4.058319993828396e-6	mu.(Intercept)	mu	intercept
3368	-6.712017089930006	4.609561075101183e-6	mu.(Intercept)	mu	intercept
7152	-6.74262508007388	5.753180352393691e-6	mu.(Intercept)	mu	intercept
19756	-10.431981737575228	6.028481979958523e-6	mu.(Intercept)	mu	intercept
27362	-9.82002885843294	8.945860215595658e-6	mu.(Intercept)	mu	intercept
18366	-10.442865762949225	9.599695634667242e-6	mu.(Intercept)	mu	intercept
20936	-8.719087921948557	9.953736049691641e-6	mu.(Intercept)	mu	intercept
25671	-8.558870870120034	1.0030215587008817e-5	mu.(Intercept)	mu	intercept
7563	-9.972557423552143	1.0528066787866595e-5	mu.(Intercept)	mu	intercept
30432	-9.958917350249395	1.0720997272191555e-5	mu.(Intercept)	mu	intercept
18957	-9.114683417635051	1.3948683840609797e-5	mu.(Intercept)	mu	intercept
21916	-9.702928683309604	1.5250025403571404e-5	mu.(Intercept)	mu	intercept
9464	-8.432275199980687	1.8230414478965977e-5	mu.(Intercept)	mu	intercept
12120	-9.199487014412972	2.0607609975779177e-5	mu.(Intercept)	mu	intercept
22238	-6.256293046873583	2.7714973615216653e-5	mu.(Intercept)	mu	intercept
17362	-7.618816636027591	2.546421044938642e-4	mu.(Intercept)	mu	intercept
13222	-7.45598487402203	3.208758836029819e-4	mu.(Intercept)	mu	intercept
7564	-29.991236416503813	0.9987002687319345	mu.(Intercept)	mu	intercept
37776	-28.97562080034217	0.9991576707513897	mu.(Intercept)	mu	intercept
7395	-29.787039983737486	0.9992228572246085	mu.(Intercept)	mu	intercept
20108	-29.705156631071432	0.999294858831738	mu.(Intercept)	mu	intercept
28659	-31.673190272056498	0.9993842958196208	mu.(Intercept)	mu	intercept
7814	-32.15307253291243	0.9993863655361503	mu.(Intercept)	mu	intercept
10802	-30.81395046374048	0.999400434448924	mu.(Intercept)	mu	intercept
7088	-32.13866463507628	0.9994709470306575	mu.(Intercept)	mu	intercept
14678	-32.254101179172046	0.9994962435932147	mu.(Intercept)	mu	intercept
20981	-31.571178212920383	0.9995459359743477	mu.(Intercept)	mu	intercept
36341	-31.37873570995274	0.9995827654604836	mu.(Intercept)	mu	intercept
13824	-31.293217172091364	0.9996216266985212	mu.(Intercept)	mu	intercept
16429	-33.230313328262206	0.9996357755578203	mu.(Intercept)	mu	intercept
29259	-30.885388002277782	0.9996523391633345	mu.(Intercept)	mu	intercept
12842	-34.143069863106355	0.9997062746553681	mu.(Intercept)	mu	intercept
30747	-32.55538589809609	0.9997177198626139	mu.(Intercept)	mu	intercept
20890	-33.975438833382995	0.9997320589863518	mu.(Intercept)	mu	intercept
30790	-34.19749114522344	0.9997692227842705	mu.(Intercept)	mu	intercept
18030	-37.53468757986555	0.9999418389236026	mu.(Intercept)	mu	intercept
9408	-9.50929372762136	1.4666824054109466e-8	phi.(Intercept)	phi	intercept
14425	-8.699399434638893	1.50613940149976e-8	phi.(Intercept)	phi	intercept
1130	-9.430692302759487	1.7385556814770017e-8	phi.(Intercept)	phi	intercept
10536	-8.612943600813308	1.983082412074384e-8	phi.(Intercept)	phi	intercept
13527	-9.183663529850998	2.0191607396923342e-8	phi.(Intercept)	phi	intercept
7404	-9.94709877352633	2.1459661150897807e-8	phi.(Intercept)	phi	intercept
9433	-9.50286758717776	2.3143981601412e-8	phi.(Intercept)	phi	intercept
34621	-9.826404240462132	2.4257275741055783e-8	phi.(Intercept)	phi	intercept
2725	-8.12594648863842	2.453285647387183e-8	phi.(Intercept)	phi	intercept
13506	-9.224152122272168	2.5433538165470146e-8	phi.(Intercept)	phi	intercept
24148	-8.862351035504302	2.6077033723102812e-8	phi.(Intercept)	phi	intercept
17915	-10.00295651153454	2.62851990654907e-8	phi.(Intercept)	phi	intercept
348	-8.879352347097253	2.647742341844464e-8	phi.(Intercept)	phi	intercept
18054	-9.494495087365777	2.7142921371702957e-8	phi.(Intercept)	phi	intercept
13398	-9.908054912178926	2.766020188144457e-8	phi.(Intercept)	phi	intercept
3649	-8.127737038605527	2.8771630425069908e-8	phi.(Intercept)	phi	intercept
11051	-9.948054799250109	3.128027811659572e-8	phi.(Intercept)	phi	intercept
335	-7.788251826374481	3.3218828770743144e-8	phi.(Intercept)	phi	intercept
6703	-8.026946574296513	3.4429338705392275e-8	phi.(Intercept)	phi	intercept
34711	-9.73903378923182	3.4656393321725956e-8	phi.(Intercept)	phi	intercept
18953	-7.7472853681031895	3.5308829131883815e-8	phi.(Intercept)	phi	intercept
9905	-7.813885304483435	3.577544820921117e-8	phi.(Intercept)	phi	intercept
13215	-8.56522973925026	3.663975105857327e-8	phi.(Intercept)	phi	intercept
17359	-8.827307974722189	3.828600561710776e-8	phi.(Intercept)	phi	intercept
1123	-7.092760300843798	4.0219134950285033e-8	phi.(Intercept)	phi	intercept
6315	-10.000172976213022	4.933855668583026e-8	phi.(Intercept)	phi	intercept
25671	-8.357541087219458	5.763417375040797e-8	phi.(Intercept)	phi	intercept
34702	-10.172543383939017	5.8440044958254647e-8	phi.(Intercept)	phi	intercept
5616	-6.927024819188431	5.958475381691199e-8	phi.(Intercept)	phi	intercept
3368	-6.764821046820098	6.241257509986467e-8	phi.(Intercept)	phi	intercept
7564	-9.373688294602527	6.419522634390606e-8	phi.(Intercept)	phi	intercept
14678	-9.77510853711671	6.547819582895311e-8	phi.(Intercept)	phi	intercept
12839	-10.598147085101376	7.389943636896474e-8	phi.(Intercept)	phi	intercept
7163	-7.826401037770776	7.821108268480632e-8	phi.(Intercept)	phi	intercept
357	-9.428866781307349	7.910144083828021e-8	phi.(Intercept)	phi	intercept
18957	-8.171521124405643	8.808956490838918e-8	phi.(Intercept)	phi	intercept
20981	-8.31261848680262	8.898400891867105e-8	phi.(Intercept)	phi	intercept
24694	-8.075306272128364	8.915872494093939e-8	phi.(Intercept)	phi	intercept
45	-9.790992600605012	8.918106845907034e-8	phi.(Intercept)	phi	intercept
31187	-9.29090472202171	9.50500557672367e-8	phi.(Intercept)	phi	intercept
27362	-8.96856218476169	9.94711276120408e-8	phi.(Intercept)	phi	intercept
16429	-10.435398012382393	1.0076470931288541e-7	phi.(Intercept)	phi	intercept
5612	-7.301876480890301	1.0383911768739391e-7	phi.(Intercept)	phi	intercept
6897	-9.741103365576679	1.2389336394599644e-7	phi.(Intercept)	phi	intercept
7152	-6.649203868432085	1.3424755765638108e-7	phi.(Intercept)	phi	intercept
12120	-7.9790724320248785	1.4494343787646192e-7	phi.(Intercept)	phi	intercept
30432	-8.781133029808215	1.4592770236839772e-7	phi.(Intercept)	phi	intercept
17354	-8.58883510272428	1.4632976063103027e-7	phi.(Intercept)	phi	intercept
7563	-8.830326120721175	1.4895184545425428e-7	phi.(Intercept)	phi	intercept
2534	-7.7550382898529975	1.4914367848260226e-7	phi.(Intercept)	phi	intercept
29884	-10.48419676105345	1.502240906406542e-7	phi.(Intercept)	phi	intercept
7088	-9.75645173854932	1.5613749923941887e-7	phi.(Intercept)	phi	intercept
20936	-8.431965982710864	1.6166171289105483e-7	phi.(Intercept)	phi	intercept
25546	-6.7248996356878115	1.67997555089682e-7	phi.(Intercept)	phi	intercept
34715	-10.428439432161726	1.696553238609904e-7	phi.(Intercept)	phi	intercept
30747	-8.343578898885294	1.9322834319137938e-7	phi.(Intercept)	phi	intercept
326	-7.7209517226618285	2.3369321149662743e-7	phi.(Intercept)	phi	intercept
18173	-9.97424492351422	2.3376137401756898e-7	phi.(Intercept)	phi	intercept
28659	-9.474642810835524	2.347929694261001e-7	phi.(Intercept)	phi	intercept
19756	-9.855665790692283	2.444265871625377e-7	phi.(Intercept)	phi	intercept
7814	-10.575851407032797	2.485948480061032e-7	phi.(Intercept)	phi	intercept
2381	-9.431035643395681	2.732102679396295e-7	phi.(Intercept)	phi	intercept
10802	-8.147759162437781	3.676051110350755e-7	phi.(Intercept)	phi	intercept
1547	-10.847478291300858	3.75616006441869e-7	phi.(Intercept)	phi	intercept
20890	-10.687444269317908	3.8325761903602685e-7	phi.(Intercept)	phi	intercept
21916	-8.51796961107178	4.317738316378573e-7	phi.(Intercept)	phi	intercept
7373	-10.749214055052551	4.948191625657808e-7	phi.(Intercept)	phi	intercept
24035	-7.772040347851489	4.960545868288872e-7	phi.(Intercept)	phi	intercept
3648	-7.614661662206073	5.238690859076277e-7	phi.(Intercept)	phi	intercept
36341	-7.850007037969571	5.7262566779667e-7	phi.(Intercept)	phi	intercept
18366	-9.309740897570832	6.198319418716598e-7	phi.(Intercept)	phi	intercept
7382	-10.642630004702728	6.70940698266665e-7	phi.(Intercept)	phi	intercept
13196	-10.8140756251742	6.761063937865092e-7	phi.(Intercept)	phi	intercept
37776	-6.453530789780719	7.005504618181927e-7	phi.(Intercept)	phi	intercept
17362	-6.958262841651237	7.65355046497968e-7	phi.(Intercept)	phi	intercept
22238	-7.565339949461377	7.792668818062186e-7	phi.(Intercept)	phi	intercept
13513	-10.704799150605433	1.0566474648084247e-6	phi.(Intercept)	phi	intercept
28321	-11.344897271469	1.152215486383521e-6	phi.(Intercept)	phi	intercept
36365	-11.088290482991145	1.1837873963233612e-6	phi.(Intercept)	phi	intercept
7395	-7.8934178695106	1.3481289136802477e-6	phi.(Intercept)	phi	intercept
20108	-7.149087943850416	1.4855742377364497e-6	phi.(Intercept)	phi	intercept
11430	-10.957288649850057	1.5217758185864381e-6	phi.(Intercept)	phi	intercept
13222	-6.8253273858675945	1.612642299214903e-6	phi.(Intercept)	phi	intercept
11444	-10.30685680643798	1.6815466231573916e-6	phi.(Intercept)	phi	intercept
13824	-7.803835575681956	1.7686847618171924e-6	phi.(Intercept)	phi	intercept
9464	-7.925229230303337	1.9147760071949838e-6	phi.(Intercept)	phi	intercept
30790	-10.29290289549764	2.35444280215169e-6	phi.(Intercept)	phi	intercept
20998	-10.905623346540317	3.1473690633065876e-6	phi.(Intercept)	phi	intercept
29259	-6.593755166446414	6.8728864065688935e-6	phi.(Intercept)	phi	intercept
355	-10.42468039337035	8.16409082864341e-6	phi.(Intercept)	phi	intercept
25066	-11.264997110800376	1.4020905696638726e-5	phi.(Intercept)	phi	intercept
36642	-11.36358460236287	3.0048011296799302e-5	phi.(Intercept)	phi	intercept
18030	-11.871514075925123	4.546026575478453e-5	phi.(Intercept)	phi	intercept
12512	-12.526193829428797	8.801751548119578e-4	phi.(Intercept)	phi	intercept
12842	-12.46069115870844	0.0024518768934861574	phi.(Intercept)	phi	intercept
36643	-13.095029325765681	0.030765087088686215	phi.(Intercept)	phi	intercept
7645	-18.021824549619183	0.2884845245525217	phi.(Intercept)	phi	intercept
35911	-18.021821795382547	0.3178214908345718	phi.(Intercept)	phi	intercept
13246	-18.021825988209226	0.45921410714059585	phi.(Intercept)	phi	intercept
1944	-18.021822717188293	0.612037636300069	phi.(Intercept)	phi	intercept
